ignore,mod_ignore
xmodel,com_lightbox
localize,ow
localize,perks
localize,platform
localize,weapon
localize,mpui
localize,mp
localize,cgame
material,objpoint_flag_american
material,objpoint_flag_british
material,objpoint_flag_opfor
material,objpoint_flag_russian
material,dogtag
material,hud_sticky_grenade
material,squad_a
material,squad_b
material,squad_c
material,squad_d
material,squad_e
material,waypoint_rank_leader
material,waypoint_rank_medics
material,waypoint_rank_membr1
material,waypoint_rank_membr2
material,waypoint_rank_membr3
material,waypoint_rank_membr4
material,waypoint_rank_membr5
material,custom_map
material,scope_overlay_k98
material,scope_overlay_VKS
#material,scope_overlay_m21sd
material,scope_overlay_r700
material,scope_overlay_msr
material,scope_overlay_DSR
fx,sprays/spray0
fx,sprays/spray1
fx,sprays/spray2
fx,sprays/spray3
fx,sprays/spray4
fx,sprays/spray5
fx,sprays/spray6
fx,sprays/spray7
fx,sprays/spray8
fx,sprays/spray9
fx,sprays/spray10
fx,sprays/spray11
fx,sprays/spray12
fx,sprays/spray13
fx,sprays/spray14
fx,sprays/spray15
fx,sprays/spray16
fx,sprays/spray17
fx,sprays/spray18
fx,sprays/spray19
fx,sprays/spray20
fx,sprays/spray21
fx,sprays/spray22
fx,sprays/spray23
fx,sprays/spray24
fx,sprays/spray25
fx,sprays/spray26
fx,sprays/spray27
fx,sprays/spray28
fx,sprays/spray29
material,gfx_spray0
material,gfx_spray1
material,gfx_spray2
material,gfx_spray3
material,gfx_spray4
material,gfx_spray5
material,gfx_spray6
material,gfx_spray7
material,gfx_spray8
material,gfx_spray9
material,gfx_spray10
material,gfx_spray11
material,gfx_spray12
material,gfx_spray13
material,gfx_spray14
material,gfx_spray15
material,gfx_spray16
material,gfx_spray17
material,gfx_spray18
material,gfx_spray19
material,gfx_spray20
material,gfx_spray21
material,gfx_spray22
material,gfx_spray23
material,gfx_spray24
material,gfx_spray25
material,gfx_spray26
material,gfx_spray27
material,gfx_spray28
material,gfx_spray29
material,spray0_menu
material,playercard_emblem_0
material,playercard_emblem_1
material,playercard_emblem_2
material,playercard_emblem_3
material,playercard_emblem_4
material,playercard_emblem_5
material,playercard_emblem_6
material,playercard_emblem_7
material,playercard_emblem_8
material,playercard_emblem_9
material,playercard_emblem_10
material,playercard_emblem_11
material,playercard_emblem_12
material,playercard_emblem_13
material,playercard_emblem_14
material,playercard_emblem_15
material,playercard_emblem_16
material,playercard_emblem_17
material,playercard_emblem_18
material,playercard_emblem_19
material,playercard_emblem_20
material,playercard_emblem_21
fx,props/gibs
fx,props/gibsparts
fx,smoke/graysmoke
fx,smoke/smoke_geotrail_barret
fx,smoke/poisonsmoke
fx,smoke/redsmoke
fx,smoke/greensmoke
fx,smoke/orangesmoke
fx,smoke/bluesmoke
fx,muzzleflashes/promatchflashglow
fx,muzzleflashes/promatchflash
fx,props/securityCamera_explosion
fx,props/semtex_red
fx,props/tear_grenade_mp
fx,props/barrel_ignite
fx,props/headblood
fx,impacts/flesh_hit_head_fatal_exit
fx,impacts/deathfx_bloodpool
fx,impacts/sniper_escape_blood
fx,impacts/flesh_hit_body_fatal_exit
fx,fire/firearrow
fx,explosions/shockexp
fx,explosions/vacuumbomb
fx,explosions/fuel_med_explosion
rawfile,mp/CoD2maps.arena
rawfile,mp/playeranim.script
stringtable,mp/classtable.csv
stringtable,mp/playerStatsTable.csv
stringtable,mp/statstable.csv
stringtable,mp/aprimoramentos.csv
stringtable,mp/weaponslist.csv
stringtable,mp/itens.csv
menufile,ui_mp/scriptmenus/endgameteam.menu
menufile,ui_mp/scriptmenus/endgame.menu
menufile,ui_mp/scriptmenus/emblemas.menu
menufile,ui_mp/scriptmenus/spray.menu
menufile,ui_mp/scriptmenus/leadermenu.menu
menufile,ui_mp/scriptmenus/playercontrol.menu
menufile,ui_mp/scriptmenus/quickcommands.menu
menufile,ui_mp/scriptmenus/quickresponses.menu
menufile,ui_mp/scriptmenus/quickstatements.menu
menufile,ui_mp/scriptmenus/quickpromatch.menu
menufile,ui_mp/scriptmenus/quicktaunts.menu
menufile,ui_mp/scriptmenus/quicktaunts2.menu
menufile,ui_mp/scriptmenus/quicktaunts3.menu
menufile,ui_mp/scriptmenus/quickmusic.menu
menufile,ui_mp/scriptmenus/changeclass_mw.menu
menufile,ui_mp/scriptmenus/advancedacp.menu
menufile,ui_mp/scriptmenus/class.menu
menufile,ui_mp/scriptmenus/clientcmd.menu
menufile,ui_mp/scriptmenus/popup_addfavorite.menu
menufile,ui_mp/scriptmenus/scoreboard.menu
menufile,ui_mp/scriptmenus/team_marinesopfor.menu
menufile,ui_mp/scriptmenus/muteplayer.menu
menufile,ui_mp/scriptmenus/quickbuy.menu
menufile,ui_mp/scriptmenus/vote.menu
menufile,ui_mp/wm_quickmessage.menu
menufile,ui_mp/hud.menu
menufile,ui_mp/main.menu
menufile,ui_mp/connect.menu
menufile,ui_mp/choices_setup_common.menu

rawfile,maps/createfx/mp_backlot_fx.gsc
rawfile,maps/createfx/mp_bloc_fx.gsc
rawfile,maps/createfx/mp_bog_fx.gsc
rawfile,maps/createfx/mp_broadcast_fx.gsc
rawfile,maps/createfx/mp_carentan_fx.gsc
rawfile,maps/createfx/mp_cargoship_fx.gsc
rawfile,maps/createfx/mp_citystreets_fx.gsc
rawfile,maps/createfx/mp_convoy_fx.gsc
rawfile,maps/createfx/mp_countdown_fx.gsc
rawfile,maps/createfx/mp_crash_fx.gsc
rawfile,maps/createfx/mp_crash_snow_fx.gsc
rawfile,maps/createfx/mp_creek_fx.gsc
rawfile,maps/createfx/mp_crossfire_fx.gsc
rawfile,maps/createfx/mp_farm_fx.gsc
rawfile,maps/createfx/mp_killhouse_fx.gsc
rawfile,maps/createfx/mp_overgrown_fx.gsc
rawfile,maps/createfx/mp_pipeline_fx.gsc
rawfile,maps/createfx/mp_shipment_fx.gsc
rawfile,maps/createfx/mp_showdown_fx.gsc
rawfile,maps/createfx/mp_strike_fx.gsc
rawfile,maps/createfx/mp_vacant_fx.gsc
rawfile,maps/createfx/mp_crash3_fx.gsc
rawfile,maps/createfx/mp_csgo_assault_fx.gsc
rawfile,maps/createfx/mp_csgo_cbble.gsc
rawfile,maps/createfx/mp_csgo_inferno.gsc
rawfile,maps/createfx/mp_csgo_mirage.gsc
rawfile,maps/createfx/mp_csgo_office.gsc
rawfile,maps/createfx/mp_csgo_overpass.gsc
rawfile,maps/createfx/mp_crossfire2_fx.gsc
rawfile,maps/createfx/mp_crash_2_fx.gsc
rawfile,maps/createfx/mp_vacant_2_fx.gsc
rawfile,maps/createfx/mp_strike_2_fx.gsc
rawfile,maps/createfx/mp_nuketown_fx.gsc
rawfile,maps/createfx/mp_dust2_fx.gsc
rawfile,maps/createfx/mp_c4s_minecraft_fx.gsc
rawfile,maps/createfx/mp_cc_fx.gsc
rawfile,maps/createfx/mp_vac_2_fx.gsc
rawfile,maps/createfx/mp_cc_fx.gsc
rawfile,maps/createfx/mp_modern_rust_fx.gsc
rawfile,maps/mp/gametypes/_gametypes.txt
rawfile,maps/mp/gametypes/ctf.txt
rawfile,maps/mp/gametypes/ass.txt
rawfile,maps/mp/gametypes/gg.txt
#WEAPON PRECACHES	
weapon,mp/frag_grenade_short_mp
weapon,mp/semtex_grenade_mp
weapon,mp/decoy_grenade_mp
weapon,mp/magnade_mp
weapon,mp/tear_grenade_mp
weapon,mp/binoculars_mp
#SEMTEX
xmodel,weapon_semtex_grenade
xmodel,weapon_semtex_grenade
sound,semtex_grenade,,all_mp
#XMODELS
xmodel,health_obj
xmodel,health_obj
xmodel,hp_medium
xmodel,hm_bluecase
xmodel,mil_barbedwire2
xmodel,com_plasticcase_beige_big
xanim,pb_crouchrun_death_crumple
xanim,pb_crouchrun_death_drop
xanim,pb_crouch_death_clutchchest
xanim,pb_crouch_death_falltohands
xanim,pb_crouch_death_fetal
xanim,pb_crouch_death_flip
xanim,pb_crouch_death_headshot_front
xanim,pb_death_run_back
xanim,pb_death_run_forward_crumple
xanim,pb_death_run_left
xanim,pb_death_run_onfront
xanim,pb_death_run_right
xanim,pb_death_run_stumble
xanim,pb_sprint_pistol
xanim,pb_stand_death_frontspin
xanim,pb_stand_death_headchest_topple
xanim,pb_stand_death_head_collapse
xanim,pb_stand_death_legs
xanim,pb_stand_death_lowerback
xanim,pb_stand_death_neckdeath
xanim,pb_stand_death_neckdeath_thrash
xanim,pb_stand_death_nervedeath
xmodel,viewmodel_ghosts_uav_radio
xanim,viewmodel_uav_cu_idle
xanim,viewmodel_uav_cu_pullout
xanim,viewmodel_uav_cu_putaway
xanim,viewmodel_uav_radio_drop
xanim,viewmodel_uav_radio_raise
#audios
sound,fieldorders,,all_mp
sound,unreal,,all_mp
sound,new,,all_mp
material,health_obj_tx
material,hp_medium_tex
#material,mtl_briefcase_blue
#material,blue_briefcase
#material,waypoint_field_order

#GROZA
material,waypoint_field_order
xanim,ndr_groza1_ads_down
xanim,ndr_groza1_ads_up
xanim,ndr_groza1_fire
xanim,ndr_groza1_fire_ads
xanim,ndr_groza1_first_raise
xanim,ndr_groza1_idle
xanim,ndr_groza1_pullout
xanim,ndr_groza1_putaway
xanim,ndr_groza1_reload
xanim,ndr_groza1_reload_empty
xanim,ndr_groza1_sprint_in
xanim,ndr_groza1_sprint_loop
xanim,ndr_groza1_sprint_out
xmodel,bf4_groza1_view
xmodel,bf4_groza1_world
sound,bf4_groza1,,all_mp
#UMP45
xanim,viewmodel_ump45_ads_down
xanim,viewmodel_ump45_ads_down
xanim,viewmodel_ump45_ads_up
xanim,viewmodel_ump45_fire
xanim,viewmodel_ump45_fire_ads
xanim,viewmodel_ump45_idle
xanim,viewmodel_ump45_pullout
xanim,viewmodel_ump45_putaway
xanim,viewmodel_ump45_reflex_ads_down
xanim,viewmodel_ump45_reflex_ads_up
xanim,viewmodel_ump45_reload
xanim,viewmodel_ump45_reload_empty
xanim,viewmodel_ump45_sprint_in
xanim,viewmodel_ump45_sprint_loop
xanim,viewmodel_ump45_sprint_out
xmodel,viewmodel_mw3_ump45
xmodel,worldmodel_mw3_ump45
sound,ump45,,all_mp
#CM901
xanim,viewmodel_cm901_ads_down
xanim,viewmodel_cm901_ads_down
xanim,viewmodel_cm901_ads_fire
xanim,viewmodel_cm901_ads_up
xanim,viewmodel_cm901_fire
xanim,viewmodel_cm901_first_time_pullout
xanim,viewmodel_cm901_idle
xanim,viewmodel_cm901_pullout
xanim,viewmodel_cm901_putaway
xanim,viewmodel_cm901_reload
xanim,viewmodel_cm901_reload_empty
xanim,viewmodel_cm901_sprint_in
xanim,viewmodel_cm901_sprint_loop
xanim,viewmodel_cm901_sprint_out
xanim,viewmodel_cm901_reflex_ads_down
xanim,viewmodel_cm901_reflex_ads_up
xanim,viewmodel_cm901_acog_ads_down
xanim,viewmodel_cm901_acog_ads_up
sound,cm901,,all_mp
xmodel,viewmodel_mw3_cm901_gl
xmodel,worldmodel_mw3_cm901
material,scope_overlay_mw3_thermal
#KAR98K
xmodel,viewmodel_mp_k98
xmodel,viewmodel_mp_k98
xmodel,weapon_mp_kar98_rifle
xmodel,weapon_mp_kar98_rifle_bayonet
xmodel,weapon_mp_kar98_scoped_rifle
xanim,viewmodel_kar98_sprint_in
xanim,viewmodel_kar98_sprint_loop
xanim,viewmodel_kar98scoped_idle
xanim,viewmodel_kar98scoped_fire
xanim,viewmodel_kar98scoped_reload_loop
xanim,viewmodel_kar98scoped_reload_start
xanim,viewmodel_kar98scoped_reload_end
xanim,viewmodel_kar98scoped_pullout
xanim,viewmodel_kar98scoped_putaway
xanim,viewmodel_kar98scoped_first_raise
xanim,viewmodel_kar98_fire_ads
xanim,viewmodel_kar98scoped_rechamber
xanim,viewmodel_kar98scoped_ads_up
xanim,viewmodel_kar98scoped_ads_down
xanim,viewmodel_kar98_bayonet_swipe
xanim,viewmodel_kar98_bayonet_thrust
xanim,viewmodel_kar98_bayonet_first_raise
xanim,viewmodel_kar98_idle
xanim,viewmodel_kar98_fire
xanim,viewmodel_kar98_lastshot
xanim,viewmodel_kar98_rechamber
xanim,viewmodel_kar98_reload
xanim,viewmodel_kar98_pullout
xanim,viewmodel_kar98_first_raise
xanim,viewmodel_kar98_putaway
xanim,viewmodel_kar98_pullout_fast
xanim,viewmodel_kar98_putaway_fast
xanim,viewmodel_kar98_ads_up
xanim,viewmodel_kar98_ads_down
sound,kar98,,all_mp
#VKS
xmodel,viewmodel_ghost_vks_trg_modding
xmodel,viewmodel_ghost_vks_trg_modding
xmodel,weapon_ghost_vks_trg_modding
xanim,viewmodel_vks_idle
xanim,viewmodel_vks_fire
xanim,viewmodel_vks_reload
xanim,viewmodel_vks_reload_empty
xanim,viewmodel_vks_pullout
xanim,viewmodel_vks_putaway
xanim,viewmodel_vks_pullout_quick
xanim,viewmodel_vks_putaway_quick
xanim,viewmodel_vks_sprint_in
xanim,viewmodel_vks_sprint_loop
xanim,viewmodel_vks_sprint_out
xanim,viewmodel_vks_ads_up
xanim,viewmodel_vks_ads_down
xanim,iw6_l115_rechamber
xanim,iw6_l115_rechamber_ads
#CROSSBOWV2
xmodel,viewmodel_crossbow
xmodel,viewmodel_crossbow
xmodel,weapon_crossbow
xmodel,weapon_crossbow_stow
xanim,viewmodel_crossbow_t6_ads_down
xanim,viewmodel_crossbow_t6_ads_fire
xanim,viewmodel_crossbow_t6_ads_last_shot
xanim,viewmodel_crossbow_t6_ads_up
xanim,viewmodel_crossbow_t6_fire
xanim,viewmodel_crossbow_t6_first_raise
xanim,viewmodel_crossbow_t6_idle
xanim,viewmodel_crossbow_t6_idle_empty
xanim,viewmodel_crossbow_t6_last_shot
xanim,viewmodel_crossbow_t6_pullout
xanim,viewmodel_crossbow_t6_pullout_empty
xanim,viewmodel_crossbow_t6_pullout_quick
xanim,viewmodel_crossbow_t6_putaway
xanim,viewmodel_crossbow_t6_putaway_empty
xanim,viewmodel_crossbow_t6_putaway_quick
xanim,viewmodel_crossbow_t6_reload_empty
xanim,viewmodel_crossbow_t6_scope_ads_down
xanim,viewmodel_crossbow_t6_scope_ads_up
xanim,viewmodel_crossbow_t6_sprint_in
xanim,viewmodel_crossbow_t6_sprint_loop
xanim,viewmodel_crossbow_t6_sprint_out
xmodel,projectile_bo_arrow_explosive
sound,crossbow2,,all_mp
#HONEYBADGER
xanim,viewmodel_honeybadger_ads_down_reflex
xanim,viewmodel_honeybadger_ads_down_reflex
xanim,viewmodel_honeybadger_ads_up_reflex
xanim,viewmodel_honeybadger_ads_fire
xanim,viewmodel_honeybadger_fire
xanim,viewmodel_honeybadger_idle
xanim,viewmodel_honeybadger_pullout
xanim,viewmodel_honeybadger_pullout_fast
xanim,viewmodel_honeybadger_pullout_first
xanim,viewmodel_honeybadger_putaway
xanim,viewmodel_honeybadger_putaway_fast
xanim,viewmodel_honeybadger_reload
xanim,viewmodel_honeybadger_reload_empty
xanim,viewmodel_honeybadger_sprint_in
xanim,viewmodel_honeybadger_sprint_loop
xanim,viewmodel_honeybadger_sprint_out
xmodel,vm_gh_honeybadger
xmodel,wm_gh_honeybadger
sound,honeybadger,,all_mp
#SRM1216
xmodel,viewmodel_srm1216_bo2
xmodel,viewmodel_srm1216_bo2
xmodel,worldmodel_srm1216_bo2
xanim,viewmodel_srm1216_ads_down
xanim,viewmodel_srm1216_ads_fire
xanim,viewmodel_srm1216_ads_rechamber
xanim,viewmodel_srm1216_ads_up
xanim,viewmodel_srm1216_fire
xanim,viewmodel_srm1216_first_raise
xanim,viewmodel_srm1216_idle
xanim,viewmodel_srm1216_pullout
xanim,viewmodel_srm1216_pullout_quick
xanim,viewmodel_srm1216_putaway
xanim,viewmodel_srm1216_putaway_quick
xanim,viewmodel_srm1216_rechamber
xanim,viewmodel_srm1216_reload
xanim,viewmodel_srm1216_reload_empty
xanim,viewmodel_srm1216_sprint_in
xanim,viewmodel_srm1216_sprint_loop
xanim,viewmodel_srm1216_sprint_out
sound,srm1216,,all_mp
#L96
xmodel,viewmodel_bo_L96
xmodel,viewmodel_bo_L96
xmodel,worldmodel_bo_L96
material,mtl_bo_l96
xanim,viewmodel_awm_ads_down
xanim,viewmodel_awm_ads_up
xanim,viewmodel_awm_idle
xanim,viewmodel_awm_pullout
xanim,viewmodel_awm_pullout_first
xanim,viewmodel_awm_pullout_quick
xanim,viewmodel_awm_reload
xanim,viewmodel_awm_reload_empty
xanim,viewmodel_awm_sprint_in
xanim,viewmodel_awm_sprint_loop
xanim,viewmodel_awm_sprint_out
xanim,viewmodel_awm_putaway
xanim,viewmodel_awm_putaway_alt
xanim,viewmodel_awm_rechamber
xanim,viewmodel_awm_fire
sound,l96a1_bo,,all_mp
#galil
sound,galil,,all_mp
sound,galil,,all_mp
xanim,viewmodel_galil_acog_ads_down
xanim,viewmodel_galil_acog_ads_up
xanim,viewmodel_galil_ads_down
xanim,viewmodel_galil_ads_fire
xanim,viewmodel_galil_ads_up
xanim,viewmodel_galil_dualclip_reload_empty_quick
xanim,viewmodel_galil_dualclip_reload_quick
xanim,viewmodel_galil_elbit_ads_down
xanim,viewmodel_galil_elbit_ads_up
xanim,viewmodel_galil_fire
xanim,viewmodel_galil_first_raise
xanim,viewmodel_galil_idle
xanim,viewmodel_galil_idle_loop
xanim,viewmodel_galil_ir_ads_down
xanim,viewmodel_galil_ir_ads_up
xanim,viewmodel_galil_pullout
xanim,viewmodel_galil_pullout_quick
xanim,viewmodel_galil_putaway
xanim,viewmodel_galil_putaway_quick
xanim,viewmodel_galil_sprint_in
xanim,viewmodel_galil_sprint_loop
xanim,viewmodel_galil_sprint_out
xmodel,viewmodel_bo_galil
xmodel,worldmodel_bo_galil
#ballistic KNIFE
xmodel,viewmodel_ballistic_knife
xmodel,viewmodel_ballistic_knife_w_parabolic
xmodel,viewmodel_ballistic_blade
xmodel,weapon_ballistic_knife
material,reticle_ballistic_knife
xanim,viewmodel_b_knife_fire
xanim,viewmodel_b_knife_first_raise
xanim,viewmodel_b_knife_idle
xanim,viewmodel_b_knife_melee_swipe
xanim,viewmodel_b_knife_melee_stick
xanim,viewmodel_b_knife_pullout
xanim,viewmodel_b_knife_pullout_quick
xanim,viewmodel_b_knife_putaway
xanim,viewmodel_b_knife_putaway_quick
xanim,viewmodel_b_knife_reload
xanim,viewmodel_b_knife_sprint_in
xanim,viewmodel_b_knife_sprint_loop
xanim,viewmodel_b_knife_sprint_out
sound,ballistic_knife,,all_mp
#HATCHET
xmodel,viewmodel_bo2_hachet
xmodel,viewmodel_bo2_hachet
xmodel,worldmodel_bo2_hachet
xmodel,worldmodel_bo2_hachet_retrieve
xanim,viewmodel_hatchet_idle
xanim,viewmodel_hatchet_throw
#beretta KNIFE
xanim,viewmodel_beretta2023r_tactical_ads_down
xanim,viewmodel_beretta2023r_tactical_ads_fire
xanim,viewmodel_beretta2023r_tactical_ads_up
xanim,viewmodel_beretta2023r_tactical_fire
xanim,viewmodel_beretta2023r_tactical_idle
xanim,viewmodel_beretta2023r_tactical_lastshot
xanim,viewmodel_beretta2023r_tactical_melee
xanim,viewmodel_beretta2023r_tactical_melee_2
xanim,viewmodel_beretta2023r_tactical_pullout
xanim,viewmodel_beretta2023r_tactical_putaway
xanim,viewmodel_beretta2023r_tactical_reload
xanim,viewmodel_beretta2023r_tactical_reload_empty
xanim,viewmodel_beretta2023r_tactical_sprint_in
xanim,viewmodel_beretta2023r_tactical_sprint_loop
xanim,viewmodel_beretta2023r_tactical_sprint_out
xmodel,viewmodel_beretta2023r
xmodel,weapon_beretta2023r
xmodel,weapon_beretta2023r_silencer
sound,beretta2023,,all_mp
#USP45
xmodel,vm_mw3_usp45
xmodel,vm_mw3_usp45
xmodel,wm_mw3_usp45
xanim,viewmodel_uspmgs_ads_down
xanim,viewmodel_uspmgs_ads_fire
xanim,viewmodel_uspmgs_ads_up
xanim,viewmodel_uspmgs_fire
xanim,viewmodel_uspmgs_idle
xanim,viewmodel_uspmgs_lastfire
xanim,viewmodel_uspmgs_melee
xanim,viewmodel_uspmgs_pullout
xanim,viewmodel_uspmgs_putaway
xanim,viewmodel_uspmgs_reload
xanim,viewmodel_uspmgs_reload_empty
xanim,viewmodel_uspmgs_sprint_in
xanim,viewmodel_uspmgs_sprint_loop
xanim,viewmodel_uspmgs_sprint_out
sound,usp45,,all_mp
#Vector
material,mtl_mw2_tdi_vector
material,mtl_mw2_tdi_vector_grip
material,mtl_mw2_eotech
material,mtl_mw2_eotech_lens
material,mtl_mw2_silencer
material,mtl_weapon_mw2_eotech_dot
xmodel,viewmodel_mw2_TDI_vector
xmodel,worldmodel_mw2_TDI_vector
xanim,viewmodel_mw2_tdi_vector_fire
xanim,viewmodel_mw2_tdi_vector_idle
xanim,viewmodel_mw2_tdi_vector_pullout
xanim,viewmodel_mw2_tdi_vector_pullout_first
xanim,viewmodel_mw2_tdi_vector_putaway
xanim,viewmodel_mw2_tdi_vector_reload
xanim,viewmodel_mw2_tdi_vector_reload_empty
xanim,viewmodel_mw2_tdi_vector_sprint_in
xanim,viewmodel_mw2_tdi_vector_sprint_loop
xanim,viewmodel_mw2_tdi_vector_sprint_out
xanim,viewmodel_mw2_tdi_vector_eotech_ADS_down
xanim,viewmodel_mw2_tdi_vector_eotech_ADS_fire
xanim,viewmodel_mw2_tdi_vector_eotech_ADS_up
sound,TDI_Vector_mw2,,all_mp
#REMINGTON R5
xmodel,ghosts_remington_view
xmodel,ghosts_remington_view
xmodel,ghosts_remington_world
xanim,iw6_remington_ads_up_eotech
xanim,iw6_remington_ads_down_eotech
xanim,iw6_remington_fire
xanim,iw6_remington_fire_ads
xanim,iw6_remington_first_raise
xanim,iw6_remington_idle
xanim,iw6_remington_pullout
xanim,iw6_remington_putaway
xanim,iw6_remington_reload
xanim,iw6_remington_reload_empty
xanim,iw6_remington_sprint_in
xanim,iw6_remington_sprint_loop
xanim,iw6_remington_sprint_out
sound,ghosts_r5,,all_mp
#SCARH
xanim,viewmodel_scar_h_ads_fire
xanim,viewmodel_scar_h_ads_fire
xanim,viewmodel_scar_h_ads_last_shot
xanim,viewmodel_scar_h_eotech_ads_up
xanim,viewmodel_scar_h_eotech_ads_down
xanim,viewmodel_scar_h_fire
xanim,viewmodel_scar_h_first_raise
xanim,viewmodel_scar_h_idle
xanim,viewmodel_scar_h_idle_empty
xanim,viewmodel_scar_h_last_shot
xanim,viewmodel_scar_h_pullout
xanim,viewmodel_scar_h_pullout_empty
xanim,viewmodel_scar_h_pullout_quick
xanim,viewmodel_scar_h_putaway
xanim,viewmodel_scar_h_putaway_empty
xanim,viewmodel_scar_h_putaway_quick
xanim,viewmodel_scar_h_reload
xanim,viewmodel_scar_h_reload_empty
xanim,viewmodel_scar_h_sprint_in
xanim,viewmodel_scar_h_sprint_loop
xanim,viewmodel_scar_h_sprint_out
xmodel,viewmodel_bo2_scarl
xmodel,worldmodel_bo2_scarl
sound,scar_h,,all_mp
#DSR50 SNIPER
xanim,viewmodel_dsr50_acog_ads_down
xanim,viewmodel_dsr50_ads_down
xanim,viewmodel_dsr50_ads_fire
xanim,viewmodel_dsr50_ads_up
xanim,viewmodel_dsr50_ads_rechamber
xanim,viewmodel_dsr50_fire
xanim,viewmodel_dsr50_first_raise
xanim,viewmodel_dsr50_idle
xanim,viewmodel_dsr50_pullout
xanim,viewmodel_dsr50_pullout_quick
xanim,viewmodel_dsr50_putaway
xanim,viewmodel_dsr50_putaway_quick
xanim,viewmodel_dsr50_rechamber
xanim,viewmodel_dsr50_reload
xanim,viewmodel_dsr50_reload_empty
xanim,viewmodel_dsr50_sprint_in
xanim,viewmodel_dsr50_sprint_loop
xanim,viewmodel_dsr50_sprint_out
xmodel,viewmodel_bo2_dsr50
xmodel,worldmodel_bo2_dsr50
sound,dsr50,,all_mp
#SPRINGFIELD
xmodel,viewmodel_mp_springfield
xmodel,viewmodel_mp_springfield
xmodel,weapon_mp_springfield_rifle
xmodel,weapon_mp_springfield_rifle_bayonet
xmodel,weapon_mp_springfield_rifle_scoped
xanim,viewmodel_springfield_sprint_in
xanim,viewmodel_springfield_sprint_loop
xanim,viewmodel_springfield_rifle_bayonett_swipe
xanim,viewmodel_springfield_rifle_bayonett_thrust
xanim,viewmodel_springfield_rifle_bayonett_first_raise
xanim,viewmodel_springfield_scope_idle
xanim,viewmodel_springfield_fire
xanim,viewmodel_springfield_rechamber
xanim,viewmodel_springfield_loop
xanim,viewmodel_springfield_intro
xanim,viewmodel_springfield_end
xanim,viewmodel_springfield_pullout
xanim,viewmodel_springfield_putaway
xanim,viewmodel_springfield_pullout_fast
xanim,viewmodel_springfield_putaway_fast
xanim,viewmodel_springfield_scope_ads_up
xanim,viewmodel_springfield_scope_ads_down
xanim,viewmodel_springfield_idle
xanim,viewmodel_springfield_reload
xanim,viewmodel_springfield_ads_up
xanim,viewmodel_springfield_ads_down
sound,springfield,,all_mp
#MSR SNIPER
xanim,viewmodel_msr_ads_down
xanim,viewmodel_msr_ads_up
xanim,viewmodel_msr_fire
xanim,viewmodel_msr_idle
xanim,viewmodel_msr_pullout
xanim,viewmodel_msr_pullout_quick
xanim,viewmodel_msr_putaway
xanim,viewmodel_msr_putaway_quick
xanim,viewmodel_msr_rechamber
xanim,viewmodel_msr_rechamber_ads
xanim,viewmodel_msr_reload
xanim,viewmodel_msr_reload_empty
xanim,viewmodel_msr_sprint_in
xanim,viewmodel_msr_sprint_loop
xanim,viewmodel_msr_sprint_out
xmodel,viewmodel_msr
xmodel,weapon_msr
sound,msr,,all_mp
#MW MAGNUM500
xmodel,viewmodel_mwr_magnum
xmodel,weapon_mwr_magnum
xmodel,weapon_ghost_magnum
sound,mwr_mag,,all_mp
xanim,viewmodel_mwr_magnum_ads_down
xanim,viewmodel_mwr_magnum_ads_fire
xanim,viewmodel_mwr_magnum_ads_up
xanim,viewmodel_mwr_magnum_fire
xanim,viewmodel_mwr_magnum_idle
xanim,viewmodel_mwr_magnum_inspect
xanim,viewmodel_mwr_magnum_pullout
xanim,viewmodel_mwr_magnum_putaway
xanim,viewmodel_mwr_magnum_reload
xanim,viewmodel_mwr_magnum_sprint_in
xanim,viewmodel_mwr_magnum_sprint_loop
xanim,viewmodel_mwr_magnum_sprint_out
#MWRM40a3
xmodel,weapon_mwr_m40a3_mp
xmodel,weapon_mwr_m40a3_mp
xmodel,viewmodel_mwr_m40a3_mp
material,mtl_mwr_m40a3_stock
material,mtl_mwr_m40a3_scope
material,mtl_mwr_m40a3_receiver
material,mtl_mwr_m40a3_asn_stock
material,mtl_mwr_m40a3_asn_scope
material,mtl_mwr_m40a3_asn_receiver
xanim,viewmodel_mwr_m40a3_ads_down
xanim,viewmodel_mwr_m40a3_ads_up
xanim,viewmodel_mwr_m40a3_fire
xanim,viewmodel_mwr_m40a3_idle
xanim,viewmodel_mwr_m40a3_inspect
xanim,viewmodel_mwr_m40a3_pullout
xanim,viewmodel_mwr_m40a3_pullout_quick
xanim,viewmodel_mwr_m40a3_putaway
xanim,viewmodel_mwr_m40a3_putaway_quick
xanim,viewmodel_mwr_m40a3_rechamber
xanim,viewmodel_mwr_m40a3_reload_in
xanim,viewmodel_mwr_m40a3_reload_loop
xanim,viewmodel_mwr_m40a3_reload_out
xanim,viewmodel_mwr_m40a3_sprint_in
xanim,viewmodel_mwr_m40a3_sprint_loop
xanim,viewmodel_mwr_m40a3_sprint_out
xmodel,viewmodel_mwr_m40a3_asn_mp
xmodel,weapon_mwr_m40a3_asn_mp
material,mtl_mwr_m21_bipod
#WA2000
sound,wa2000,,all_mp
sound,wa2000,,all_mp
xanim,viewmodel_wa2000_ads_down
xanim,viewmodel_wa2000_ads_fire
xanim,viewmodel_wa2000_ads_up
xanim,viewmodel_wa2000_extclip_reload
xanim,viewmodel_wa2000_extclip_reload_empty
xanim,viewmodel_wa2000_fire
xanim,viewmodel_wa2000_first_raise
xanim,viewmodel_wa2000_idle
xanim,viewmodel_wa2000_idle_loop
xanim,viewmodel_wa2000_pullout
xanim,viewmodel_wa2000_pullout_quick
xanim,viewmodel_wa2000_putaway
xanim,viewmodel_wa2000_putaway_quick
xanim,viewmodel_wa2000_sprint_in
xanim,viewmodel_wa2000_sprint_loop
xanim,viewmodel_wa2000_sprint_out
xmodel,viewmodel_bo_wa2000
xmodel,worldmodel_bo_wa2000
#AN94
sound,an94,,all_mp
xanim,viewmodel_an94_grip_ads_down
xanim,viewmodel_an94_grip_ads_fire
xanim,viewmodel_an94_grip_ads_up
xanim,viewmodel_an94_grip_fastmag_empty_quick
xanim,viewmodel_an94_grip_fastmag_quick
xanim,viewmodel_an94_grip_fire
xanim,viewmodel_an94_grip_first_raise
xanim,viewmodel_an94_grip_idle
xanim,viewmodel_an94_grip_pullout
xanim,viewmodel_an94_grip_pullout_quick
xanim,viewmodel_an94_grip_putaway
xanim,viewmodel_an94_grip_putaway_quick
xanim,viewmodel_an94_grip_sprint_in
xanim,viewmodel_an94_grip_sprint_loop
xanim,viewmodel_an94_grip_sprint_out
xanim,viewmodel_an94_reflex_ads_down
xanim,viewmodel_an94_reflex_ads_up
xmodel,viewmodel_bo2_an94
xmodel,worldmodel_bo2_an94
#ARX160
xmodel,viewmodel_ghost_arx160
xmodel,viewmodel_ghost_arx160
xmodel,weapon_arx_160
sound,arx160,,all_mp
xanim,viewmodel_arx160_idle
xanim,viewmodel_arx160_fire
xanim,viewmodel_arx160_reload
xanim,viewmodel_arx160_reload_empty
xanim,viewmodel_arx160_putaway
xanim,viewmodel_arx160_pullout
xanim,viewmodel_arx160_sprint_in
xanim,viewmodel_arx160_sprint_loop
xanim,viewmodel_arx160_sprint_out
xanim,viewmodel_arx160_ads_up
xanim,viewmodel_arx160_ads_down
xanim,viewmodel_arx160_ads_fire
xanim,viewmodel_arx160_pullout_first
xanim,viewmodel_arx160_ads_down_reflex
xanim,viewmodel_arx160_ads_up_reflex
xanim,viewmodel_arx160_pullout_fast
xanim,viewmodel_arx160_putaway_fast
#cz805
xmodel,viewmodel_ghosts_sa805
xmodel,viewmodel_ghosts_sa805
xmodel,weapon_ghosts_sa805
sound,bren,,all_mp
xanim,viewmodel_bren_ads_down
xanim,viewmodel_bren_ads_fire
xanim,viewmodel_bren_ads_reflex_down
xanim,viewmodel_bren_ads_reflex_up
xanim,viewmodel_bren_ads_up
xanim,viewmodel_bren_fire_recoil
xanim,viewmodel_bren_first_time_pullout
xanim,viewmodel_bren_idle
xanim,viewmodel_bren_pullout
xanim,viewmodel_bren_pullout_quick
xanim,viewmodel_bren_putaway
xanim,viewmodel_bren_putaway_quick
xanim,viewmodel_bren_reload
xanim,viewmodel_bren_reload_empty
xanim,viewmodel_bren_sprint_in
xanim,viewmodel_bren_sprint_loop
xanim,viewmodel_bren_sprint_out
#P266AKIMBO
material,mtl_weapon_p226
xanim,vm_J007_P226akimbo_idle
xanim,vm_J007_P226akimbo_fire
xanim,iw6_p226_ads_up
xanim,iw6_p226_ads_down
xanim,vm_J007_P226akimbo_fire_ads
xanim,vm_J007_P226akimbo_fire_last
xanim,vm_J007_P226akimbo_raise
xanim,vm_J007_P226akimbo_drop
xanim,vm_J007_P226akimbo_raise_mt
xanim,vm_J007_P226akimbo_idle_mt
xanim,vm_J007_P226akimbo_drop_mt
xanim,vm_J007_P226akimbo_sprint_in
xanim,vm_J007_P226akimbo_sprint_out
xanim,vm_J007_P226akimbo_sprint_loop
xanim,vm_J007_P226akimbo_reload
xanim,vm_J007_P226akimbo_reload_mt
xanim,vm_J007_P226akimbo_melee_R
xmodel,vm_J007_P226_akimbo
sound,bf4_57,,all_mp
xmodel,ghosts_p226_world
#870mcs
sound,870mcs,,all_mp
xanim,viewmodel_870mcs_ads_down
xanim,viewmodel_870mcs_ads_fire
xanim,viewmodel_870mcs_ads_rechamber
xanim,viewmodel_870mcs_ads_up
xanim,viewmodel_870mcs_fire
xanim,viewmodel_870mcs_first_raise
xanim,viewmodel_870mcs_idle
xanim,viewmodel_870mcs_last_shot
xanim,viewmodel_870mcs_pullout
xanim,viewmodel_870mcs_pullout_quick
xanim,viewmodel_870mcs_putaway
xanim,viewmodel_870mcs_putaway_quick
xanim,viewmodel_870mcs_rechamber
xanim,viewmodel_870mcs_reload_in
xanim,viewmodel_870mcs_reload_loop
xanim,viewmodel_870mcs_reload_out
xanim,viewmodel_870mcs_sprint_in
xanim,viewmodel_870mcs_sprint_loop
xanim,viewmodel_870mcs_sprint_out
xmodel,viewmodel_bo2_870mcs
xmodel,worldmodel_bo2_870mcs
#IMBEL
xmodel,vm_ghosts_imbel
xmodel,vm_ghosts_imbel
xmodel,wm_ghosts_imbel
sound,imbel_ghosts,,all_mp
xanim,viewmodel_imbel_acog_ads_down
xanim,viewmodel_imbel_acog_ads_up
xanim,viewmodel_imbel_ads_fire
xanim,viewmodel_imbel_idle
xanim,viewmodel_imbel_pullout
xanim,viewmodel_imbel_pullout_first
xanim,viewmodel_imbel_pullout_quick
xanim,viewmodel_imbel_putaway
xanim,viewmodel_imbel_putaway_quick
xanim,viewmodel_imbel_reload
xanim,viewmodel_imbel_reload_empty
xanim,viewmodel_imbel_sprint_in
xanim,viewmodel_imbel_sprint_loop
xanim,viewmodel_imbel_sprint_out
xanim,viewmodel_imbel_fire
#TAC330
xmodel,weapon_mwr_tac330_agressor
xmodel,weapon_mwr_tac330_agressor
xmodel,viewmodel_mwr_acog_tac330_agressor
xmodel,weapon_mwr_tac330_sil_agressor
sound,mwr_stac,,all_mp
xanim,viewmodel_mwr_tac330_acog_ads_up
xanim,viewmodel_mwr_tac330_acog_ads_down
xanim,viewmodel_mwr_tac330_ads_fire
xanim,viewmodel_mwr_tac330_ads_rechamber
xanim,viewmodel_mwr_tac330_fire
xanim,viewmodel_mwr_tac330_idle
xanim,viewmodel_mwr_tac330_inspect
xanim,viewmodel_mwr_tac330_pullout
xanim,viewmodel_mwr_tac330_pullout_quick
xanim,viewmodel_mwr_tac330_putaway
xanim,viewmodel_mwr_tac330_putaway_quick
xanim,viewmodel_mwr_tac330_rechamber
xanim,viewmodel_mwr_tac330_reload
xanim,viewmodel_mwr_tac330_reload_empty
xanim,viewmodel_mwr_tac330_sprint_in
xanim,viewmodel_mwr_tac330_sprint_loop
xanim,viewmodel_mwr_tac330_sprint_out
#ICEPICK
xanim,viewmodel_mw2_ice_pick_idle
xanim,viewmodel_mw2_ice_pick_idle
xanim,viewmodel_mw2_ice_pick_pullout
xanim,viewmodel_mw2_ice_pick_putaway
xanim,viewmodel_mw2_ice_pick_swipe
xanim,viewmodel_mw2_ice_pick_sprint_in
xanim,viewmodel_mw2_ice_pick_sprint_loop
xanim,viewmodel_mw2_ice_pick_sprint_out
xmodel,viewmodel_mw2_ice_pick
xmodel,worldmodel_mw2_ice_pick
#NUKESTREAK
rawfile,maps/mp/_nuke.gsc
fx,explosions/nuke
fx,explosions/nuke_explosion
fx,explosions/nuke_flash
material,icon_0
material,icon_1
material,icon_2
material,icon_3
material,icon_4
material,icon_5
rawfile,shock/radiation_high.shock
rawfile,vision/nuke.vision
rawfile,vision/nuke2.vision
sound,nuke,,all_mp
fx,muzzleflashes/minigun_flash_view
sound,gungame,,all_mp
#predator
weapon,mp/predator_mp
material,hud_predator
material,ac130_overlay_grain
material,ac130_overlay_105mm
material,waypoint_pred_kill
xmodel,projectile_hellfire_missile
sound,predhp,,all_mp


#Deathtombs and itens
#xmodel,ch_dead_cow
xmodel,ch_tombstone2
xmodel,ch_tombstone1
#xmodel,bathroom_toilet
#xmodel,com_trashbag
xmodel,com_drop_rope
xmodel,vehicle_uav

#CLASSES
xmodel,body_mp_usmc_woodland_support
xmodel,body_mp_usmc_woodland_support
xmodel,head_mp_usmc_tactical_mich
xmodel,body_mp_usmc_woodland_specops
xmodel,head_mp_usmc_tactical_mich_stripes_nomex
xmodel,head_mp_usmc_nomex
xmodel,head_mp_usmc_tactical_baseball_cap
xmodel,body_mp_opforce_sniper
xmodel,viewhands_mw2_ranger_airborne
xmodel,viewhands_mw2_militia
xmodel,viewhands_mw2_udt
xmodel,viewhands_mw2_ranger
xmodel,playermodel_mw3_juggernaunt
material,mtl_lightgree_eye
material,mtl_mw3_jugg_alpha
material,mtl_mw3_jugg_head
material,mtl_mw3_jugg_gear
material,mtl_mw3_jugg_headgear
material,mtl_mw3_jugg_lowerbody
material,mtl_mw3_jugg_upperbody