material,semtex_reticle
material,animbg_front
material,animbg_front2
image,bg_front
image,bg_front2
material,objpoint_flak
material,objpoint_flak_busy
material,objpoint_ammo
material,objpoint_ammo_busy
material,objpoint_satallite
material,objpoint_satallite_busy
material,objpoint_satallite_friendly
material,compass_objpoint_flak
material,compass_objpoint_flak_busy
material,compass_objpoint_ammo
material,compass_objpoint_ammo_busy
material,compass_objpoint_satallite
material,compass_objpoint_satallite_busy
material,compass_objpoint_satallite_friendly
material,compass_objpoint_airstrike
material,compass_objpoint_airstrike_busy
material,compass_objpoint_airstrike_friendly
material,compass_objpoint_helicopter
material,compass_objpoint_helicopter_busy
material,compass_objpoint_helicopter_friendly
material,killicondied
material,killiconcrush
material,killiconfalling
material,killiconsuicide
material,killiconheadshot
material,killiconmelee
material,killiconimpact
material,stance_stand
material,stance_crouch
material,stance_prone
material,stance_flash
material,hint_mantle
material,compass_radarline
material,headicon_american
material,headicon_opfor
material,headicon_british
material,headicon_russian
material,hudicon_neutral
material,objective_american
material,objective_german
material,objpoint_bomb
material,objpoint_radio
material,objpoint_tank
material,compass_flag_opfor
material,compass_flag_american
material,compass_flag_british
material,compass_flag_russian
material,compass_noflag_opfor
material,compass_noflag_american
material,compass_noflag_british
material,compass_noflag_russian
material,compass_flag_neutral
material,dtimer_bg
material,dtimer_bg_border
material,dtimer_0
material,dtimer_1
material,dtimer_2
material,dtimer_3
material,dtimer_4
material,dtimer_5
material,dtimer_6
material,dtimer_7
material,dtimer_8
material,dtimer_9
material,hud_bullets_rifle
material,hud_bullets_pistol
material,hud_bullets_sniper
material,hud_bullets_spread
material,hud_bullets_support_front
material,hud_bullets_support_back
material,voice_on
material,voice_off
material,waypoint_airstrike_white
material,waypoint_airstrike_red
material,waypoint_airstrike_green
material,waypoint_radar_white
material,waypoint_radar_red
material,waypoint_radar_green
material,waypoint_heli_white
material,waypoint_heli_green
material,waypoint_heli_red
material,hud_dpad_arrow
material,hud_icon_nvg
material,nightvision_overlay_goggles
material,animbg_blur_front
material,hud_icon_40mm_grenade
material,hud_icon_ak47
material,hud_icon_ak47_gp25
material,hud_icon_ak74u
material,hud_icon_at4
material,hud_icon_barrett50cal
material,hud_icon_benelli_m4
material,hud_icon_c4
material,hud_icon_claymore
material,hud_icon_colt_45
material,hud_icon_desert_eagle
material,hud_icon_dragunov
material,hud_icon_g3
material,hud_icon_g36c
material,hud_icon_g36c_mp
material,hud_icon_javelin
material,hud_icon_m14
material,hud_icon_m14_scoped
material,hud_icon_m16a4
material,hud_icon_m16a4_grenade
material,hud_icon_m249saw
material,hud_icon_m249saw_mounted
material,hud_icon_m40a3
material,hud_icon_m4_grenadier
material,hud_icon_m4_grunt
material,hud_icon_m4_silencer
material,hud_icon_m4carbine
material,hud_icon_m4m203_silencer
material,hud_icon_m60e4
material,hud_icon_m9beretta
material,hud_icon_mini_uzi
material,hud_icon_mp44
material,hud_icon_mp5
material,hud_icon_mp5_silencer
material,hud_icon_p90
material,hud_icon_pistol
material,hud_icon_remington700
material,hud_icon_rpd
material,hud_icon_rpg
material,hud_icon_skorpian
material,hud_icon_sniperrifle
material,hud_icon_stinger
material,hud_icon_usp_45
material,hud_icon_winchester_1200
material,hud_us_grenade
material,rank_1stlt1
material,rank_1stlt2
material,rank_1stlt3
material,rank_2ndlt1
material,rank_2ndlt2
material,rank_2ndlt3
material,rank_bgen1
material,rank_bgen2
material,rank_bgen3
material,rank_capt1
material,rank_capt2
material,rank_capt3
material,rank_col1
material,rank_col2
material,rank_col3
material,rank_colonel
material,rank_comm1
material,rank_corporal
material,rank_cpl1
material,rank_cpl2
material,rank_cpl3
material,rank_gen1
material,rank_gen2
material,rank_gen3
material,rank_general
material,rank_gysgt1
material,rank_gysgt2
material,rank_gysgt3
xmodel,viewmodel_ak47_and_silencer_mp_brock
xmodel,viewmodel_ak47_and_silencer_mp_bshdwl
xmodel,viewmodel_ak47_and_silencer_mp_bwmrpt
xmodel,viewmodel_ak47_and_silencer_mp_cmdtgr
xmodel,viewmodel_ak47_and_silencer_mp_stagger
xmodel,viewmodel_ak47_grenadier_mp_brock
xmodel,viewmodel_ak47_grenadier_mp_bshdwl
xmodel,viewmodel_ak47_grenadier_mp_bwmrpt
xmodel,viewmodel_ak47_grenadier_mp_cmdtgr
xmodel,viewmodel_ak47_grenadier_mp_stagger
xmodel,viewmodel_ak47_mp_brock
xmodel,viewmodel_ak47_mp_bshdwl
xmodel,viewmodel_ak47_mp_bwmrpt
xmodel,viewmodel_ak47_mp_cmdtgr
xmodel,viewmodel_ak47_mp_stagger
xmodel,viewmodel_ak74u_mp_brock
xmodel,viewmodel_ak74u_mp_bshdwl
xmodel,viewmodel_ak74u_mp_bwmrpt
xmodel,viewmodel_ak74u_mp_cmdtgr
xmodel,viewmodel_ak74u_mp_stagger
xmodel,viewmodel_ak74usd_mp_brock
xmodel,viewmodel_ak74usd_mp_bshdwl
xmodel,viewmodel_ak74usd_mp_bwmrpt
xmodel,viewmodel_ak74usd_mp_cmdtgr
xmodel,viewmodel_ak74usd_mp_stagger
xmodel,viewmodel_barrett_mp_brock
xmodel,viewmodel_barrett_mp_bshdwl
xmodel,viewmodel_barrett_mp_bwmrpt
xmodel,viewmodel_barrett_mp_cmdtgr
xmodel,viewmodel_barrett_mp_stagger
xmodel,viewmodel_benelli_m4_mp_brock
xmodel,viewmodel_benelli_m4_mp_bshdwl
xmodel,viewmodel_benelli_m4_mp_bwmrpt
xmodel,viewmodel_benelli_m4_mp_cmdtgr
xmodel,viewmodel_benelli_m4_mp_stagger
xmodel,viewmodel_dragunov_mp_brock
xmodel,viewmodel_dragunov_mp_bshdwl
xmodel,viewmodel_dragunov_mp_bwmrpt
xmodel,viewmodel_dragunov_mp_cmdtgr
xmodel,viewmodel_dragunov_mp_stagger
xmodel,viewmodel_g36c_gl_mp_brock
xmodel,viewmodel_g36c_gl_mp_bshdwl
xmodel,viewmodel_g36c_gl_mp_bwmrpt
xmodel,viewmodel_g36c_gl_mp_cmdtgr
xmodel,viewmodel_g36c_gl_mp_stagger
xmodel,viewmodel_g36c_mp_brock
xmodel,viewmodel_g36c_mp_bshdwl
xmodel,viewmodel_g36c_mp_bwmrpt
xmodel,viewmodel_g36c_mp_cmdtgr
xmodel,viewmodel_g36c_mp_stagger
xmodel,viewmodel_g36csd_mp_brock
xmodel,viewmodel_g36csd_mp_bshdwl
xmodel,viewmodel_g36csd_mp_bwmrpt
xmodel,viewmodel_g36csd_mp_cmdtgr
xmodel,viewmodel_g36csd_mp_stagger
xmodel,viewmodel_g3_and_silencer_mp_brock
xmodel,viewmodel_g3_and_silencer_mp_bshdwl
xmodel,viewmodel_g3_and_silencer_mp_cmdtgr
xmodel,viewmodel_g3_and_silencer_mp_stagger
xmodel,viewmodel_g3_and_sliencer_mp_bwmrpt
xmodel,viewmodel_g3_gl_mp_brock
xmodel,viewmodel_g3_gl_mp_bshdwl
xmodel,viewmodel_g3_gl_mp_bwmrpt
xmodel,viewmodel_g3_gl_mp_cmdtgr
xmodel,viewmodel_g3_gl_mp_stagger
xmodel,viewmodel_g3_mp_brock
xmodel,viewmodel_g3_mp_bshdwl
xmodel,viewmodel_g3_mp_bwmrpt
xmodel,viewmodel_g3_mp_cmdtgr
xmodel,viewmodel_g3_mp_stagger
xmodel,viewmodel_m14_mp_brock
xmodel,viewmodel_m14_mp_bshdwl
xmodel,viewmodel_m14_mp_bwmrpt
xmodel,viewmodel_m14_mp_cmdtgr
xmodel,viewmodel_m14_mp_stagger
xmodel,viewmodel_m14_scout_gl_mp_brock
xmodel,viewmodel_m14_scout_gl_mp_bshdwl
xmodel,viewmodel_m14_scout_gl_mp_bwmrpt
xmodel,viewmodel_m14_scout_gl_mp_cmdtgr
xmodel,viewmodel_m14_scout_gl_mp_stagger
xmodel,viewmodel_m14sd_mp_brock
xmodel,viewmodel_m14sd_mp_bshdwl
xmodel,viewmodel_m14sd_mp_bwmrpt
xmodel,viewmodel_m14sd_mp_cmdtgr
xmodel,viewmodel_m14sd_mp_stagger
xmodel,viewmodel_m16_and_silencer_mp_brock
xmodel,viewmodel_m16_and_silencer_mp_bshdwl
xmodel,viewmodel_m16_and_silencer_mp_bwmrpt
xmodel,viewmodel_m16_and_silencer_mp_cmdtgr
xmodel,viewmodel_m16_and_silencer_mp_stagger
xmodel,viewmodel_m16_mp_brock
xmodel,viewmodel_m16_mp_bshdwl
xmodel,viewmodel_m16_mp_bwmrpt
xmodel,viewmodel_m16_mp_cmdtgr
xmodel,viewmodel_m16_mp_stagger
xmodel,viewmodel_m16m203_mp_brock
xmodel,viewmodel_m16m203_mp_bshdwl
xmodel,viewmodel_m16m203_mp_bwmrpt
xmodel,viewmodel_m16m203_mp_cmdtgr
xmodel,viewmodel_m16m203_mp_stagger
xmodel,viewmodel_m21_mp_brock
xmodel,viewmodel_m21_mp_bshdwl
xmodel,viewmodel_m21_mp_bwmrpt
xmodel,viewmodel_m21_mp_cmdtgr
xmodel,viewmodel_m21_mp_stagger
xmodel,viewmodel_m249_mp_brock
xmodel,viewmodel_m249_mp_bshdwl
xmodel,viewmodel_m249_mp_bwmrpt
xmodel,viewmodel_m249_mp_cmdtgr
xmodel,viewmodel_m249_mp_stagger
xmodel,viewmodel_m40a3_mp_brock
xmodel,viewmodel_m40a3_mp_bshdwl
xmodel,viewmodel_m40a3_mp_bwmrpt
xmodel,viewmodel_m40a3_mp_cmdtgr
xmodel,viewmodel_m40a3_mp_stagger
xmodel,viewmodel_m4_and_silencer_mp_brock
xmodel,viewmodel_m4_and_silencer_mp_bshdwl
xmodel,viewmodel_m4_and_silencer_mp_bwmrpt
xmodel,viewmodel_m4_and_silencer_mp_cmdtgr
xmodel,viewmodel_m4_and_silencer_mp_stagger
xmodel,viewmodel_m4_mp_brock
xmodel,viewmodel_m4_mp_bshdwl
xmodel,viewmodel_m4_mp_bwmrpt
xmodel,viewmodel_m4_mp_cmdtgr
xmodel,viewmodel_m4_mp_stagger
xmodel,viewmodel_m4m203_mp_brock
xmodel,viewmodel_m4m203_mp_bshdwl
xmodel,viewmodel_m4m203_mp_bwmrpt
xmodel,viewmodel_m4m203_mp_cmdtgr
xmodel,viewmodel_m4m203_mp_stagger
xmodel,viewmodel_m60_mp_brock
xmodel,viewmodel_m60_mp_bshdwl
xmodel,viewmodel_m60_mp_bwmrpt
xmodel,viewmodel_m60_mp_cmdtgr
xmodel,viewmodel_m60_mp_stagger
xmodel,viewmodel_miniuzi_mp_brock
xmodel,viewmodel_miniuzi_mp_bshdwl
xmodel,viewmodel_miniuzi_mp_bwmrpt
xmodel,viewmodel_miniuzi_mp_cmdtgr
xmodel,viewmodel_miniuzi_mp_stagger
xmodel,viewmodel_miniuzi_supressed_gold_mp
xmodel,viewmodel_miniuzi_supressed_mp_brock
xmodel,viewmodel_miniuzi_supressed_mp_bshdwl
xmodel,viewmodel_miniuzi_supressed_mp_bwmrpt
xmodel,viewmodel_miniuzi_supressed_mp_cmdtgr
xmodel,viewmodel_miniuzi_supressed_mp_stagger
xmodel,viewmodel_mp44_mp_brock
xmodel,viewmodel_mp44_mp_bshdwl
xmodel,viewmodel_mp44_mp_bwmrpt
xmodel,viewmodel_mp44_mp_cmdtgr
xmodel,viewmodel_mp44_mp_stagger
xmodel,viewmodel_mp5_mp_brock
xmodel,viewmodel_mp5_mp_bshdwl
xmodel,viewmodel_mp5_mp_bwmrpt
xmodel,viewmodel_mp5_mp_cmdtgr
xmodel,viewmodel_mp5_mp_stagger
xmodel,viewmodel_mp5_silencer_mp_brock
xmodel,viewmodel_mp5_silencer_mp_bshdwl
xmodel,viewmodel_mp5_silencer_mp_bwmrpt
xmodel,viewmodel_mp5_silencer_mp_cmdtgr
xmodel,viewmodel_mp5_silencer_mp_stagger
xmodel,viewmodel_p90_mp_brock
xmodel,viewmodel_p90_mp_bshdwl
xmodel,viewmodel_p90_mp_bwmrpt
xmodel,viewmodel_p90_mp_cmdtgr
xmodel,viewmodel_p90_mp_stagger
xmodel,viewmodel_p90_silencer_mp_brock
xmodel,viewmodel_p90_silencer_mp_bshdwl
xmodel,viewmodel_p90_silencer_mp_bwmrpt
xmodel,viewmodel_p90_silencer_mp_cmdtgr
xmodel,viewmodel_p90_silencer_mp_stagger
xmodel,viewmodel_remington700_mp_brock
xmodel,viewmodel_remington700_mp_bshdwl
xmodel,viewmodel_remington700_mp_bwmrpt
xmodel,viewmodel_remington700_mp_cmdtgr
xmodel,viewmodel_remington700_mp_stagger
xmodel,viewmodel_rpd_mp_brock
xmodel,viewmodel_rpd_mp_bshdwl
xmodel,viewmodel_rpd_mp_bwmrpt
xmodel,viewmodel_rpd_mp_cmdtgr
xmodel,viewmodel_rpd_mp_stagger
xmodel,viewmodel_skorpion_mp_brock
xmodel,viewmodel_skorpion_mp_bshdwl
xmodel,viewmodel_skorpion_mp_bwmrpt
xmodel,viewmodel_skorpion_mp_cmdtgr
xmodel,viewmodel_skorpion_mp_stagger
xmodel,viewmodel_skorpionsd_mp_brock
xmodel,viewmodel_skorpionsd_mp_bshdwl
xmodel,viewmodel_skorpionsd_mp_bwmrpt
xmodel,viewmodel_skorpionsd_mp_cmdtgr
xmodel,viewmodel_skorpionsd_mp_stagger
xmodel,viewmodel_winchester1200_mp_brock
xmodel,viewmodel_winchester1200_mp_bshdwl
xmodel,viewmodel_winchester1200_mp_bwmrpt
xmodel,viewmodel_winchester1200_mp_cmdtgr
xmodel,viewmodel_winchester1200_mp_stagger
xmodel,weapon_ak47_grenadier_mp_brock
xmodel,weapon_ak47_grenadier_mp_bshdwl
xmodel,weapon_ak47_grenadier_mp_bwmrpt
xmodel,weapon_ak47_grenadier_mp_cmdtgr
xmodel,weapon_ak47_grenadier_mp_stagger
xmodel,weapon_ak47_mp_brock
xmodel,weapon_ak47_mp_bshdwl
xmodel,weapon_ak47_mp_bwmrpt
xmodel,weapon_ak47_mp_cmdtgr
xmodel,weapon_ak47_mp_stagger
xmodel,weapon_ak47sd_mp_brock
xmodel,weapon_ak47sd_mp_bwmrpt
xmodel,weapon_ak47sd_mp_cmdtgr
xmodel,weapon_ak47sd_mp_stagger
xmodel,weapon_ak74u_mp_brock
xmodel,weapon_ak74u_mp_bshdwl
xmodel,weapon_ak74u_mp_bwmrpt
xmodel,weapon_ak74u_mp_cmdtgr
xmodel,weapon_ak74u_mp_stagger
xmodel,weapon_ak74usd_mp_brock
xmodel,weapon_ak74usd_mp_bshdwl
xmodel,weapon_ak74usd_mp_bwmrpt
xmodel,weapon_ak74usd_mp_cmdtgr
xmodel,weapon_ak74usd_mp_stagger
xmodel,weapon_benelli_super_90_foregrip_mp_brock
xmodel,weapon_benelli_super_90_foregrip_mp_bshdwl
xmodel,weapon_benelli_super_90_foregrip_mp_bwmrpt
xmodel,weapon_benelli_super_90_foregrip_mp_cmdtgr
xmodel,weapon_benelli_super_90_foregrip_mp_stagger
xmodel,weapon_benelli_super_90_mp_brock
xmodel,weapon_benelli_super_90_mp_bshdwl
xmodel,weapon_benelli_super_90_mp_bwmrpt
xmodel,weapon_benelli_super_90_mp_cmdtgr
xmodel,weapon_benelli_super_90_mp_stagger
xmodel,weapon_dragunov_mp_brock
xmodel,weapon_dragunov_mp_bshdwl
xmodel,weapon_dragunov_mp_bwmrpt
xmodel,weapon_dragunov_mp_cmdtgr
xmodel,weapon_dragunov_mp_stagger
xmodel,weapon_g36_mp_brock
xmodel,weapon_g36_mp_bshdwl
xmodel,weapon_g36_mp_bwmrpt
xmodel,weapon_g36_mp_cmdtgr
xmodel,weapon_g36_mp_stagger
xmodel,weapon_g36csd_mp_brock
xmodel,weapon_g36csd_mp_bshdwl
xmodel,weapon_g36csd_mp_bwmrpt
xmodel,weapon_g36csd_mp_cmdtgr
xmodel,weapon_g36csd_mp_stagger
xmodel,weapon_g36m203_brock
xmodel,weapon_g36m203_bshdwl
xmodel,weapon_g36m203_bwmrpt
xmodel,weapon_g36m203_cmdtgr
xmodel,weapon_g36m203_stagger
xmodel,weapon_g3_mp_brock
xmodel,weapon_g3_mp_bshdwl
xmodel,weapon_g3_mp_bwmrpt
xmodel,weapon_g3_mp_cmdtgr
xmodel,weapon_g3_mp_stagge
xmodel,weapon_g3m203_brock
xmodel,weapon_g3m203_bshdwl
xmodel,weapon_g3m203_bwmrpt
xmodel,weapon_g3m203_cmdtgr
xmodel,weapon_g3m203_stagger
xmodel,weapon_g3sd_mp_brock
xmodel,weapon_g3sd_mp_bshdwl
xmodel,weapon_g3sd_mp_bwmrpt
xmodel,weapon_g3sd_mp_cmdtgr
xmodel,weapon_g3sd_mp_stagger
xmodel,weapon_m14_gl_scout_mp_brock
xmodel,weapon_m14_gl_scout_mp_bshdwl
xmodel,weapon_m14_gl_scout_mp_bwmrpt
xmodel,weapon_m14_gl_scout_mp_cmdtgr
xmodel,weapon_m14_gl_scout_mp_stagger
xmodel,weapon_m14_mp_brock
xmodel,weapon_m14_mp_bshdwl
xmodel,weapon_m14_mp_bwmrpt
xmodel,weapon_m14_mp_cmdtgr
xmodel,weapon_m14_mp_stagger
xmodel,weapon_m14_scout_mp_brock
xmodel,weapon_m14_scout_mp_bshdwl
xmodel,weapon_m14_scout_mp_bwmrpt
xmodel,weapon_m14_scout_mp_cmdtgr
xmodel,weapon_m14_scout_mp_stagger
xmodel,weapon_m14sd_scout_brock
xmodel,weapon_m14sd_scout_bshdwl
xmodel,weapon_m14sd_scout_bwmrpt
xmodel,weapon_m14sd_scout_cmdtgr
xmodel,weapon_m14sd_scout_stagger
xmodel,weapon_m16_mp_brock
xmodel,weapon_m16_mp_bshdwl
xmodel,weapon_m16_mp_bwmrpt
xmodel,weapon_m16_mp_cmdtgr
xmodel,weapon_m16_mp_stagger
xmodel,weapon_m16m203_mp_brock
xmodel,weapon_m16m203_mp_bshdwl
xmodel,weapon_m16m203_mp_bwmrpt
xmodel,weapon_m16m203_mp_cmdtgr
xmodel,weapon_m16m203_mp_stagger
xmodel,weapon_m16sd_mp_brock
xmodel,weapon_m16sd_mp_bshdwl
xmodel,weapon_m16sd_mp_bwmrpt
xmodel,weapon_m16sd_mp_cmdtgr
xmodel,weapon_m16sd_mp_stagger
xmodel,weapon_m40a3_mp_brock
xmodel,weapon_m40a3_mp_bshdwl
xmodel,weapon_m40a3_mp_bwmrpt
xmodel,weapon_m40a3_mp_cmdtgr
xmodel,weapon_m40a3_mp_stagger
xmodel,weapon_m4_mp_brock
xmodel,weapon_m4_mp_bshdwl
xmodel,weapon_m4_mp_bwmrpt
xmodel,weapon_m4_mp_cmdtgr
xmodel,weapon_m4m203_mp_brock
xmodel,weapon_m4m203_mp_bshdwl
xmodel,weapon_m4m203_mp_bwmrpt
xmodel,weapon_m4m203_mp_cmdtgr
xmodel,weapon_m4m203_mp_stagger
xmodel,weapon_m4sd_mp_brock
xmodel,weapon_m4sd_mp_bshdwl
xmodel,weapon_m4sd_mp_bwmrpt
xmodel,weapon_m4sd_mp_cmdtgr
xmodel,weapon_m4sd_mp_stagger
xmodel,weapon_m60_mp_brock
xmodel,weapon_m60_mp_bshdwl
xmodel,weapon_m60_mp_bwmrpt
xmodel,weapon_m60_mp_cmdtgr
xmodel,weapon_m60_mp_stagger
xmodel,weapon_m82_mp_brock
xmodel,weapon_m82_mp_bshdwl
xmodel,weapon_m82_mp_bwmrpt
xmodel,weapon_m82_mp_cmdtgr
xmodel,weapon_m82_mp_stagger
xmodel,weapon_mini_uzi_mp_brock
xmodel,weapon_mini_uzi_mp_bshdwl
xmodel,weapon_mini_uzi_mp_bwmrpt
xmodel,weapon_mini_uzi_mp_cmdtgr
xmodel,weapon_mini_uzi_mp_stagger
xmodel,weapon_mini_uzi_sd_mp_brock
xmodel,weapon_mini_uzi_sd_mp_bshdwl
xmodel,weapon_mini_uzi_sd_mp_bwmrpt
xmodel,weapon_mini_uzi_sd_mp_cmdtgr
xmodel,weapon_mini_uzi_sd_mp_stagger
xmodel,weapon_mp44_mp_brock
xmodel,weapon_mp44_mp_bshdwl
xmodel,weapon_mp44_mp_bwmrpt
xmodel,weapon_mp44_mp_cmdtgr
xmodel,weapon_mp44_mp_stagger
xmodel,weapon_mp5_mp_brock
xmodel,weapon_mp5_mp_bshdwl
xmodel,weapon_mp5_mp_bwmrpt
xmodel,weapon_mp5_mp_cmdtgr
xmodel,weapon_mp5_mp_stagger
xmodel,weapon_mp5sd_mp_brock
xmodel,weapon_mp5sd_mp_bshdwl
xmodel,weapon_mp5sd_mp_bwmrpt
xmodel,weapon_mp5sd_mp_cmdtgr
xmodel,weapon_mp5sd_mp_stagger
xmodel,weapon_p90_mp_brock
xmodel,weapon_p90_mp_bshdwl
xmodel,weapon_p90_mp_bwmrpt
xmodel,weapon_p90_mp_cmdtgr
xmodel,weapon_p90_mp_stagger
xmodel,weapon_p90_mp_brock
xmodel,weapon_p90_mp_bshdwl
xmodel,weapon_p90_mp_bwmrpt
xmodel,weapon_p90_mp_cmdtgr
xmodel,weapon_p90_mp_stagger
xmodel,weapon_p90_silencer_mp_brock
xmodel,weapon_p90_silencer_mp_bshdwl
xmodel,weapon_p90_silencer_mp_bwmrpt
xmodel,weapon_p90_silencer_mp_cmdtgr
xmodel,weapon_p90_silencer_mp_stagger
xmodel,weapon_remington700_mp_brock
xmodel,weapon_remington700_mp_bshdwl
xmodel,weapon_remington700_mp_bwmrpt
xmodel,weapon_remington700_mp_cmdtgr
xmodel,weapon_remington700_mp_stagger
xmodel,weapon_rpd_mp_brock
xmodel,weapon_rpd_mp_bshdwl
xmodel,weapon_rpd_mp_bwmrpt
xmodel,weapon_rpd_mp_cmdtgr
xmodel,weapon_rpd_mp_stagger
xmodel,weapon_saw_mp_brock
xmodel,weapon_saw_mp_bshdwl
xmodel,weapon_saw_mp_bwmrpt
xmodel,weapon_saw_mp_cmdtgr
xmodel,weapon_saw_mp_stagger
xmodel,weapon_skorpion_mp_brock
xmodel,weapon_skorpion_mp_bshdwl
xmodel,weapon_skorpion_mp_bwmrpt
xmodel,weapon_skorpion_mp_cmdtgr
xmodel,weapon_skorpion_mp_stagger
xmodel,weapon_skorpionsd_mp_brock
xmodel,weapon_skorpionsd_mp_bshdwl
xmodel,weapon_skorpionsd_mp_bwmrpt
xmodel,weapon_skorpionsd_mp_cmdtgr
xmodel,weapon_skorpionsd_mp_stagger
xmodel,weapon_winchest1200_mp_brock
xmodel,weapon_winchest1200_mp_bshdwl
xmodel,weapon_winchest1200_mp_bwmrpt
xmodel,weapon_winchest1200_mp_cmdtgr
xmodel,weapon_winchest1200_mp_stagger
material,mc/mtl_weapon_ak47_brock
material,mc/mtl_weapon_ak47_bshdwl
material,mc/mtl_weapon_ak47_bwmrpt
material,mc/mtl_weapon_ak47_cmdtgr
material,mc/mtl_weapon_ak47_gold
material,mc/mtl_weapon_ak74u_brock
material,mc/mtl_weapon_ak74u_bshdwl
material,mc/mtl_weapon_ak74u_bwmrpt
material,mc/mtl_weapon_ak74u_cmdtgr
material,mc/mtl_weapon_benelli_super_90_brock
material,mc/mtl_weapon_benelli_super_90_bshdwl
material,mc/mtl_weapon_benelli_super_90_bwmrpt
material,mc/mtl_weapon_benelli_super_90_cmdtgr
material,mc/mtl_weapon_dragunov_brock
material,mc/mtl_weapon_dragunov_bshdwl
material,mc/mtl_weapon_dragunov_bwmrpt
material,mc/mtl_weapon_dragunov_cmdtgr
material,mc/mtl_weapon_dragunov_gold
material,mc/mtl_weapon_g36_brock
material,mc/mtl_weapon_g36_bshdwl
material,mc/mtl_weapon_g36_bwmrpt
material,mc/mtl_weapon_g36_cmdtgr
material,mc/mtl_weapon_g36_stagger
material,mc/mtl_weapon_g3_brock
material,mc/mtl_weapon_g3_bshdwl
material,mc/mtl_weapon_g3_bwmrpt
material,mc/mtl_weapon_g3_cmdtgr
material,mc/mtl_weapon_g3_stagger
material,mc/mtl_weapon_m14_mp_brock
material,mc/mtl_weapon_m14_mp_bshdwl
material,mc/mtl_weapon_m14_mp_bwmrpt
material,mc/mtl_weapon_m14_mp_cmdtgr
material,mc/mtl_weapon_m14_mp_stagger
material,mc/mtl_weapon_m40a3_brock
material,mc/mtl_weapon_m40a3_bshdwl
material,mc/mtl_weapon_m40a3_bwmrpt
material,mc/mtl_weapon_m40a3_cmdtgr
material,mc/mtl_weapon_m40a3_stagger
material,mc/mtl_weapon_m4_m16_brock
material,mc/mtl_weapon_m4_m16_bshdwl
material,mc/mtl_weapon_m4_m16_bwmrpt
material,mc/mtl_weapon_m4_m16_cmdtgr
material,mc/mtl_weapon_m4_m16_stagger
material,mc/mtl_weapon_m60_bipod
material,mc/mtl_weapon_m60_brock
material,mc/mtl_weapon_m60_bshdwl
material,mc/mtl_weapon_m60_bwmrpt
material,mc/mtl_weapon_m60_cmdtgr
material,mc/mtl_weapon_m60_gold
material,mc/mtl_weapon_m82_brock
material,mc/mtl_weapon_m82_bshdwl
material,mc/mtl_weapon_m82_bwmrpt
material,mc/mtl_weapon_m82_cmdtgr
material,mc/mtl_weapon_m82_stagger
material,mc/mtl_weapon_mini_uzi_brock
material,mc/mtl_weapon_mini_uzi_bshdwl
material,mc/mtl_weapon_mini_uzi_bwmrpt
material,mc/mtl_weapon_mini_uzi_cmdtgr
material,mc/mtl_weapon_mini_uzi_gold
material,mc/mtl_weapon_mini_uzi_stagger
material,mc/mtl_weapon_mp44_brock
material,mc/mtl_weapon_mp44_bshdwl
material,mc/mtl_weapon_mp44_bwmrpt
material,mc/mtl_weapon_mp44_cmdtgr
material,mc/mtl_weapon_mp44_stagger
material,mc/mtl_weapon_mp5_brock
material,mc/mtl_weapon_mp5_bshdwl
material,mc/mtl_weapon_mp5_bwmrpt
material,mc/mtl_weapon_mp5_cmdtgr
material,mc/mtl_weapon_mp5_stagger
material,mc/mtl_weapon_mp5sd_brock
material,mc/mtl_weapon_mp5sd_bshdwl
material,mc/mtl_weapon_mp5sd_bwmrpt
material,mc/mtl_weapon_mp5sd_cmdtgr
material,mc/mtl_weapon_mp5sd_stagger
material,mc/mtl_weapon_p90_brock
material,mc/mtl_weapon_p90_bshdwl
material,mc/mtl_weapon_p90_bwmrpt
material,mc/mtl_weapon_p90_cmdtgr
material,mc/mtl_weapon_remington700_brock
material,mc/mtl_weapon_remington700_bshdwl
material,mc/mtl_weapon_remington700_bwmrpt
material,mc/mtl_weapon_remington700_cmdtgr
material,mc/mtl_weapon_remington700_stagger
material,mc/mtl_weapon_saw_brock
material,mc/mtl_weapon_saw_bshdwl
material,mc/mtl_weapon_saw_bwmrpt
material,mc/mtl_weapon_saw_cmdtgr
material,mc/mtl_weapon_scorpion_brock
material,mc/mtl_weapon_scorpion_bshdwl
material,mc/mtl_weapon_scorpion_bwmrpt
material,mc/mtl_weapon_scorpion_cmdtgr
material,mc/mtl_weapon_scorpion_stagger
material,mc/mtl_weapon_winchest1200_brock
material,mc/mtl_weapon_winchest1200_bshdwl
material,mc/mtl_weapon_winchest1200_bwmrpt
material,mc/mtl_weapon_winchest1200_cmdtgr
material,mc/mtl_weapon_winchest1200_stagger
image,~benelli_super_90_gold_spc-rgbl-11
image,~blood_spatter01_spc-rgb&bloo~9cfdaf8d
image,~blood_spatter02_spc-r30g30b3~9162437f
image,~blood_spatter03_spc-r30g30b3~f766d9bd
image,~cbu97_clusterbomb_spc-r-87g-~8fad2ddd
image,~cobra_d_spc-rgb&cobra_d_cos-l-11
image,~cobra_spc-rgb&cobra_cos-l-11
image,~cobra_window_spc-rgb&cobra_w~e44cd552
image,~flag_american_spc-rgb&flag_a~6a112041
image,~flag_arab_spc-rgb&flag_ameri~df7592ad
image,~flag_brit_spc-rgb&flag_brit_cos-l-11
image,~flag_neutral_spc-r-17g-17b-17l-11
image,~flag_russian_spc-rgb&flag_ru~7fe60cd1
image,~fx_bullet_chain_spc-rgb&fx_b~df2c7c4a
image,~fx_shell_spc-rgb&fx_shell_cos-l-11
image,~fx_shotgun_shell_spc-rgb&fx_~edff6e5f
image,~glass_shattered_spc-rgb&glas~36dd5f9b
image,~hellfire_missile_spc-rgb&$white-l-11
image,~hellfire_missile_spc-rgb&hel~90a71383
image,~impact_glass01_spc-rgb&impac~b116ad53
image,~impact_glass02_spc-rgb&impac~1f9b463f
image,~impact_metal01_spc-rgb&impac~f33ed172
image,~impact_metal02_spc-rgb&impac~842c635a
image,~impact_metal03_spc-rgb&impac~645338d2
image,~impact_metal05_spc-rgb&impac~8d920ee5
image,~m14_scope_lens_spec-rgb&m14_~eace8daa
image,~m14_scope_spec-rgb&m14_scope_cos-l-11
image,~m14_spec-rgb&m14_cos-l-11
image,~m60_gold_spc-rgbl-11
image,~m60_spec-rgb&m60_cos-l-11
image,~m67_grenade_spc-rgb&m67_gren~8648b09e
image,~m84_flashbang_burnt_spec-rgb~aedebf0f
image,~m84_flashbang_spec-rgb&m84_f~9c887267
image,~me_brick_01_s-rgb&me_brick_0~60a80488
image,~mi24p_hind_desert_spc-rgb&mi~c2b1fff1
image,~mi24p_hind_window_desert_spc~9b1bddc2
image,~mig29_spc_desert-rgb&mig29_c~da27f8cb
image,~mtl_weapon_colt1911_spec-r30~a0b777cc
image,~mtl_weapon_m40a3_scope_spec-~cf9ce9d5
image,~mtl_weapon_m40a3_spec-r65g65~cb208a2a
image,~mtl_weapon_remington700_spc-~27f61cce
image,~mtl_weapon_remington700_spc-~4c1b6487
image,~mud_splash01_spc-r30g30b30&m~1e53712a
image,~mud_splash02_spc-r30g30b30&m~d612fed6
image,~slamraam_trailer_decals_spc_~d6f4dd34
image,~slamraam_trailer_spc_mip1-rg~d468d777
image,~suitcase_plexi_spc-rgb&suitc~213f474a
image,~suitcase_spc-rgb&suitcase_cos-l-11
image,~tntblock_and_timer_spc-rgb&t~618168e4
image,~us_smoke_grenade_burnt_s-rgbl-11
image,~us_smoke_grenade_s-rgbl-11
image,~viewhands_marine_gloves_spc-~14a748c8
image,~viewhands_marine_gloves_spc-~d740812a
image,~weapon_acog_alpha_spc-rgb&we~29bfeeda
image,~weapon_acog_lens_spc-rgb&wea~a5d30b6d
image,~weapon_acog_spc-r-25g-25b-25~ffe3f99d
image,~weapon_ak47_gold_spc-rgbl-11
image,~weapon_ak47_grenadier_spc-r6~e3b32d6a
image,~weapon_ak47_s-r-61g-61b-61&w~0848fdf9
image,~weapon_ak47_s-r30g30b30&weap~270f7f8d
image,~weapon_ak74u_spec-rgb&weapon~8d98e74a
image,~weapon_benelli_super_90_spc-~9c97d471
image,~weapon_beretta_s-r-17g-17b-1~41155d1b
image,~weapon_bullet_spc-r-87g-87b-~7fcd185c
image,~weapon_c4_spec-rgb&weapon_c4_cos-l-11
image,~weapon_claymore_detonator_sp~0756aea3
image,~weapon_claymore_spec-r-61g-6~7ad315ae
image,~weapon_desert_eagle_gold_spc~f7d5bd11
image,~weapon_desert_eagle_silver_s~0e95b0eb
image,~weapon_dragunov_gold_spec-rgbl-11
image,~weapon_dragunov_scope_spec-r~d3ea198e
image,~weapon_dragunuv_spec-r65g65b~558c1426
image,~weapon_dragunuv_spec-rgb&wea~41893625
image,~weapon_foregrip_a_spec-r-59g~57ea3d12
image,~weapon_g36_scope_spec-r30g30~44839f6a
image,~weapon_g36_spec-r30g30b30&we~833b4d4f
image,~weapon_g3_spec-r-61g-61b-61&~4f6b3aaf
image,~weapon_holographic_spc-r34g3~75307947
image,~weapon_laser_sight_a_spec-r-~14d7f668
image,~weapon_m203_grenade_spc-r65g~dad0da51
image,~weapon_m4_spc-r-17g-17b-17&w~aca95990
image,~weapon_m82_scope_lens_spec-r~31ed4753
image,~weapon_m82_scope_spec-rgb&we~517d8f6d
image,~weapon_m82_spec-rgb&weapon_m~175eeb5c
image,~weapon_mini_uzi_gold_spec-rgbl-11
image,~weapon_mini_uzi_spec-rgb&wea~260ac063
image,~weapon_mp44_s-r-49g-49b-49&w~2103b12f
image,~weapon_mp5_s-r-49g-49b-49&we~029a9a7a
image,~weapon_mp5sd_s-r-49g-49b-49&~a02dd838
image,~weapon_p90_spc-r65g65b65&wea~ff8cb4f7
image,~weapon_parbolic_knife_spc-rg~20e5f788
image,~weapon_peq6_spc-r-59g-59b-59~4ef712bb
image,~weapon_red_scope_spc-r65g65b~d4364490
image,~weapon_reflex_lens_spc-rgb&w~e0ac07de
image,~weapon_reflex_sight_spc-rgbl-11
image,~weapon_rpd_spc-r30g30b30&wea~081b41c8
image,~weapon_rpg7_spec-rgb&weapon_~06163c5b
image,~weapon_saw_spc-r65g65b65&wea~fbd00e22
image,~weapon_scorpion_spc-rgb&weap~5811727e
image,~weapon_suppressor_a_spec-r-5~7d745564
image,~weapon_suppressor_b_spc-r-59~afa8576d
image,~weapon_usp_s-r-17g-17b-17&we~765326da
image,~winchest1200_spec-rgb&winche~e5e1fe71

image,~_-gmtl_t6_wpn_pistol_rnma_sc~8d0b151b
image,~__-gmtl_t6_wpn_ar_scarh_spc-~ae1d3372
image,~__-gmtl_t6_wpn_ar_xm8_sc-rgb~b0d3727e
image,~_k98round_s-r-25g-25b-25&$white-l-11
image,~_scope_lens_s-r-25g-25b-25&$~ae6da276
image,~_weapon_kar98_s-r-25g-25b-25~aedebf0f
image,~attachment_bo_iron_sights_sp~05309b20
image,~attachment_bo_reflex_sight_s~52a308d9
image,~attachment_bo_suppressor_spc~21e98aec
image,~ballistic_knife_corr-rgb&$white-l-11
image,~blood_spatter01_spc-rgb&bloo~9cfdaf8d
image,~blood_spatter02_spc-r30g30b3~9162437f
image,~blood_spatter03_spc-r30g30b3~f766d9bd
image,~body_zakhaev_spc-rgb&body_za~c2d742c2
image,~dog_tag_spc-r-71g-71b-71&$white-l-11
image,~floodlight_spec-rgb&floodlig~4ed6cf7a
image,~fx_shell_spc-rgb&fx_shell_cos-l-11
image,~ger_bayonet_kar98bayonet_s-r~78d459cc
image,~ger_riflegrenade_kar98k_s-rg~bb1ac844
image,~ger_scope_kar98k_s-rgb&ger_s~e7e49f8b
image,~glass_shattered_spc-rgb&glas~36dd5f9b
image,~gmtl_t6_wpn_shotty_olympia_s~5c912f2e
image,~gmtl_t6_wpn_zmb_thompson_spc~65bb72c1
image,~head_zakhaev_beard_spc-rgb&h~24b341ad
image,~head_zakhaev_spc-rgb&head_za~c2d742c2
image,~m14_scope_lens_spec-rgb&m14_~eace8daa
image,~m14_scope_spec-rgb&m14_scope_cos-l-11
image,~m67_grenade_spc-rgb&m67_gren~8648b09e
image,~mtl_ar_an94_spc-rgb&mtl_ar_a~45d91daf
image,~mtl_ar_saritch_spc-rgb&mtl_a~cea9c775
image,~mtl_ar_silencer1_spc-rgb&$white-l-11
image,~mtl_ar_x95l_alpha_spc-rgb&mt~14bc1bff
image,~mtl_ar_x95l_cord_spc-rgb&mtl~53862003
image,~mtl_ar_x95l_spc-rgb&mtl_ar_x~36c87f02
image,~mtl_bo_acog_3x20_spc-rgb&$white-l-11
image,~mtl_bo_acog_lens_spc-rgb&$white-l-11
image,~mtl_bo_famas_spc-rgb&$white-l-11
image,~mtl_bo_iron_sights_spc-rgb&$~ae6da276
image,~mtl_bo_reflex_lens_spc-rgb&$~ae6da276
image,~mtl_bo_reflex_sight_spc-rgb&~9706a770
image,~mtl_bo_suppressor_spc-rgb&$white-l-11
image,~mtl_grip_spc-rgb&$white-l-11
image,~mtl_magnum_barrel_spec-rgb&$~ae6da276
image,~mtl_magnum_body_spec-rgb&$white-l-11
image,~mtl_magnum_bullet_spec-rgb&$~ae6da276
image,~mtl_optic_acog_spc-rgb&mtl_o~c05d97c1
image,~mtl_optic_holo_lens_spc-rgb&~9706a770
image,~mtl_optic_holo_spec-rgb&mtl_~4fb10a8c
image,~mtl_optic_reflex_lens_spc-rg~bb1ac844
image,~mtl_optic_reflex_spc-rgb&mtl~e676ee87
image,~mtl_optic_scope_inside_spc-r~a371169a
image,~mtl_peacekeer_spc-rgb&mtl_pe~9d39222a
image,~mtl_scorpion_spc-rgb&mtl_sco~cb9006c0
image,~mtl_shells_green_s-rgb&$white-l-11
image,~mtl_shells_green_scp-rgb&mtl~018097e2
image,~mtl_shells_red_s-rgb&$white-l-11
image,~mtl_shotgun_silencer_spc-rgb~7d0bb438
image,~mtl_shotty_870mcs_spc-rgb&mt~ff1b8cdd
image,~mtl_shotty_ksg_spc-rgb&mtl_s~207aa92d
image,~mtl_smg_msmc_spc-rgb&mtl_smg~9649f313
image,~mtl_smg_pdw57_spc-rgb&mtl_sm~2e48118e
image,~mtl_smg_silencer_spc-rgb&mtl~e6d53c31
image,~mtl_sniper_ballista_lenses_s~03f02750
image,~mtl_sniper_ballista_scope_sp~b1fcf9d4
image,~mtl_sniper_ballista_sights_s~4a7e4a6d
image,~mtl_sniper_ballista_spc-rgb&~de1ef263
image,~mtl_sniper_dsr50_lenses_spc-~909657cf
image,~mtl_sniper_dsr50_scope_spc-r~c22eace5
image,~mtl_sniper_dsr50_spc-rgb&mtl~f48a6836
image,~mtl_sniper_silencer_spc-rgb&~68751541
image,~mtl_weapon_evopro_scope_spec~d4bc0837
image,~mtl_weapon_evopro_spec-rgb&m~4b5341a0
image,~mtl_weapon_evopro_spec_360-r~92eac6a6
image,~mtl_weapon_fn_fiveseven_spc-~96259404
image,~mtl_weapon_m40a3_scope_spec-~cf9ce9d5
image,~mtl_weapon_remington700_spc-~27f61cce
image,~mud_splash01_spc-r30g30b30&m~1e53712a
image,~mud_splash02_spc-r30g30b30&m~d612fed6
image,~office_books_spc-rgb&office_~9214dd38
image,~p2011_auto_spc_col-rgb&p2011~ef462cd5
image,~plr_aot_3rd_armor_spc-rgb&pl~e36fc287
image,~plr_aot_buttpack_spc-rgb&plr~1e49457f
image,~plr_aot_crouch_spc-rgb&plr_a~13fb9c01
image,~plr_aot_heavy_chin_armor_spc~83679423
image,~plr_aot_heavy_leg_armor_spc-~3c78c3c7
image,~plr_aot_novak_body_00_spc-rg~2124aa64
image,~plr_aot_novak_head_00_spc-rg~25f2e795
image,~plr_aot_novak_mask_spc-rgb&p~3a8e3b12
image,~scope_lens_s-r-25g-25b-25&$white-l-11
image,~shells_red_spec-rgb&$white-l-11
image,~sil_mits_spc-rgb&$white-l-11
image,~small_cylinder_suppressor_sp~1c8d2767
image,~sw357_magnum_pistol_spec-rgb~aedebf0f
image,~t850_bullets_spec-rgb&t850_b~a71759e0
image,~t850_cylinder_spec-rgb&t850_~baa9d7e2
image,~t850_frame_spec-rgb&t850_fra~04602ddd
image,~t850_front_spec-rgb&t850_fro~70d15d46
image,~t850_grip_spec-rgb&t850_grip_cos-l-11
image,~usa_bayonet_m1garandbayonet_~5b5a0ad9
image,~viewhands_bo2_datapad_spc-rg~54d99a00
image,~viewhands_bo2_seal_barearm_s~56d79d6b
image,~viewhands_bo2_watchglass_spc~2a6b636a
image,~weapon_aa12_spec-rgb&$white-l-11
image,~weapon_acog2_lens_spc-rgb&we~250b92d5
image,~weapon_acog_2_spc-rgb&weapon~f32a5502
image,~weapon_acog_2_spc_col-rgb&we~0dd1a13a
image,~weapon_acog_alpha_spc-rgb&we~29bfeeda
image,~weapon_acog_lens_spc-rgb&wea~a5d30b6d
image,~weapon_acog_spc-r-25g-25b-25~ffe3f99d
image,~weapon_ar_sig556_spec-rgb&$white-l-11
image,~weapon_attach_ar_silencer1_s~5ee506a3
image,~weapon_attach_bullet_spec-rg~bb1ac844
image,~weapon_attach_optic_acog_len~6c3dfcc1
image,~weapon_attach_optic_acog_spe~05309b20
image,~weapon_attach_optic_holo_len~5d4af896
image,~weapon_attach_optic_holo_spe~05309b20
image,~weapon_attach_optic_reflex_l~bd60d683
image,~weapon_attach_optic_reflex_s~5ee506a3
image,~weapon_attach_optic_rmr_lens~a3385bb7
image,~weapon_attach_optic_rmr_spec~21e98aec
image,~weapon_attach_pistol_silence~6cb1e5eb
image,~weapon_beretta_s-r-17g-17b-1~41155d1b
image,~weapon_bo_aug_spc-rgb&$white-l-11
image,~weapon_bo_crossbow_for_arrow~fc86dc1c
image,~weapon_bo_crossbow_spc-rgb&w~8dbe900d
image,~weapon_bo_l96a1_spc-rgb&weap~42da0e9a
image,~weapon_bo_redfield_scope_spc~dfaf09f7
image,~weapon_bo_silencer_spc-rgb&w~6ff1bb4f
image,~weapon_bo_susat_scope_spc-rg~f4f33815
image,~weapon_bolo_knife_spc-rgb&we~da261524
image,~weapon_cheytac_scope_spc-rgb~571f0566
image,~weapon_cheytac_spc-rgb&weapo~7d516c8d
image,~weapon_cm901_spc-rgb&weapon_~c437e100
image,~weapon_crossbow_scope_spec-r~a371169a
image,~weapon_crossbow_spec-rgb&$white-l-11
image,~weapon_desert_eagle_tactical~db7a4fce
image,~weapon_eotech_2_lense_spc-rg~d2a1e145
image,~weapon_eotech_2_spc-rgb&weap~2e45e65b
image,~weapon_eotech_spc-rgb&weapon~8af6a013
image,~weapon_famas_f1_spc_col-rgb&~cd2211ad
image,~weapon_g36_scope_spec-r30g30~44839f6a
image,~weapon_g36_spec-r30g30b30&we~833b4d4f
image,~weapon_knife_base_spec-rgb&$~ae6da276
image,~weapon_knife_sog_s-rgb&$white-l-11
image,~weapon_laser_point_mw2_spc-r~5dc3ff2a
image,~weapon_lmg_hamr_parts_spec-r~a371169a
image,~weapon_lmg_hamr_spec-rgb&$white-l-11
image,~weapon_lmg_hamr_strap_spec-r~a371169a
image,~weapon_m203_mw2_spc-rgb&weap~090cb959
image,~weapon_m320_grenade_spc-rgb&~649f2c90
image,~weapon_m320_spc-rgb&weapon_m~5d45bdb6
image,~weapon_m82_scope_lens_spec-r~31ed4753
image,~weapon_m82_scope_spec-rgb&we~517d8f6d
image,~weapon_masada_iron_spc-rgb&w~4ab241af
image,~weapon_masada_spc-rgb&weapon~3cb1d541
image,~weapon_mp5_new_spc-rgb&weapo~df3664fa
image,~weapon_mp9_iw5_spc-rgb&weapo~e2dd9555
image,~weapon_mw2_acog_spc-rgb&weap~a22643ee
image,~weapon_mw2_eotech_lens_spc-r~1bc435dc
image,~weapon_mw2_eotech_spc-rgb&we~e8c3481d
image,~weapon_mw2_f2000_body_nml-rg~d394d884
image,~weapon_mw2_f2000_sight_nml-r~254e8f2e
image,~weapon_mw2_m16_spc-rgb&weapo~32cf65ea
image,~weapon_mw2_m203_spc-rgb&weap~9ea80e34
image,~weapon_mw2_reflex_spc-rgb&we~615c5c18
image,~weapon_mw2_supressor_spc-rgb~de944d58
image,~weapon_mw2_tdi_vector_grip_s~27bfcec4
image,~weapon_mw2_tdi_vector_spc-rg~503a8e35
image,~weapon_p226_spc-rgb&weapon_p~f0b3ad9e
image,~weapon_parbolic_knife_spc-rg~20e5f788
image,~weapon_pistol_b2023r_spec-rg~1126193e
image,~weapon_pistol_kard_spec-rgb&~9706a770
image,~weapon_pp90m1_spc-rgb&weapon~b00ec73e
image,~weapon_red_dot_sight_iw5_spc~39dbe959
image,~weapon_red_dot_sight_spc_col~fe1b9e91
image,~weapon_reflex_iw5_lense_spc-~d2eac9f8
image,~weapon_reflex_lens_spc-rgb&w~e0ac07de
image,~weapon_reflex_lense_spc-rgb&~aa1a9b2a
image,~weapon_reflex_sight_spc-rgbl-11
image,~weapon_remington_acr_spc-rgb~799dcc88
image,~weapon_semtex_grenade_spc-rg~bb1ac844
image,~weapon_shotgun_masterkey_spc~a7304f82
image,~weapon_sniper_ballista_lens_~cf794c83
image,~weapon_sniper_ballista_lvl_s~5ee506a3
image,~weapon_sniper_svu_lens_spec-~d2eac9f8
image,~weapon_springfield_mp_s-r-25~4eefddfa
image,~weapon_springfield_noscope_s~cacb45d1
image,~weapon_springfield_scope_s-r~250f0394
image,~weapon_suppressor_01_spc-rgb~1147e99d
image,~weapon_suppressor_01_spc_col~de23c857
image,~weapon_suppressor_mw2_spc-rg~25a2d82f
image,~weapon_svt40_s-r-71g-71b-71&~9706a770
image,~weapon_thermal_lens_2_spc-rg~ec89d8b1
image,~weapon_thermal_scope_iw5_spc~21e98aec
image,~weapon_thermal_scope_iw5_spc~f19a71fe
image,~weapon_thermal_spc-rgb&weapo~e062655f
image,~weapon_ump45_iw5_spc-rgb&wea~1f1b1110
image,~weapon_white_spc-rgb&weapon_~ab973937
material,button_highlight_end
material,compass_map_default
material,compass_waypoint_captureneutral
material,compassping_enemy
material,compassping_friendly
material,compassping_player
material,gfx_dark_smoke_atlas_bg
material,gfx_exp_igc
material,gfx_exp_spark
material,gfx_explosion_flash
material,gfx_explosion_flash_atlas
material,gfx_smk_white_atlas
material,gfx_snow_sheet_add
material,gfx_spark_atlas
material,gradient_bottom
material,gradient_fadein
material,gradient_top
material,hud_arrow_left
material,hud_us_grenade
material,hud_us_smokegrenade
material,line_horizontal
material,line_horizontal_scorebar
material,map_border
material,mc/mtl_marine_glove
material,mc/mtl_marine_glovesleeve
material,minimap_background
material,minimap_tickertape_background
material,minimap_tickertape_mp
material,objective_line
material,overlay_low_health
material,rank_icon_bg
material,rank_rec1
material,scorebar_backdrop
material,scorebar_fadein
material,white
techset,2d
techset,effect
techset,effect_add_nofog
techset,effect_nofog
techset,effect_zfeather
techset,l_hsm_b0c0
techset,l_hsm_b0c0n0
techset,l_hsm_b0c0n0s0
techset,l_hsm_b0c0s0
techset,l_hsm_r0c0
techset,l_hsm_r0c0n0
techset,l_hsm_r0c0n0s0
techset,l_hsm_r0c0s0
techset,l_hsm_t0c0
techset,l_sm_b0c0
techset,l_sm_b0c0n0
techset,l_sm_b0c0n0s0
techset,l_sm_b0c0s0
techset,l_sm_r0c0
techset,l_sm_r0c0n0
techset,l_sm_r0c0n0s0
techset,l_sm_r0c0s0
techset,l_sm_t0c0
techset,mc_2d
techset,mc_effect
techset,mc_effect_add_nofog
techset,mc_effect_add_spot
techset,mc_effect_spot
techset,mc_l_hsm_b0c0
techset,mc_l_hsm_b0c0n0
techset,mc_l_hsm_b0c0n0s0
techset,mc_l_hsm_b0c0s0
techset,mc_l_hsm_r0c0
techset,mc_l_hsm_r0c0n0
techset,mc_l_hsm_r0c0n0s0
techset,mc_l_hsm_r0c0s0
techset,mc_l_hsm_scroll_b0c0
techset,mc_l_hsm_skin_r0c0
techset,mc_l_hsm_skin_r0c0n0
techset,mc_l_hsm_skin_r0c0n0s0
techset,mc_l_hsm_skin_r0c0s0
techset,mc_l_hsm_t0c0
techset,mc_l_sm_b0c0
techset,mc_l_sm_b0c0n0
techset,mc_l_sm_b0c0n0s0
techset,mc_l_sm_b0c0s0
techset,mc_l_sm_r0c0
techset,mc_l_sm_r0c0n0
techset,mc_l_sm_r0c0n0s0
techset,mc_l_sm_r0c0s0
techset,mc_l_sm_scroll_b0c0
techset,mc_l_sm_skin_r0c0
techset,mc_l_sm_skin_r0c0n0
techset,mc_l_sm_skin_r0c0n0s0
techset,mc_l_sm_skin_r0c0s0
techset,mc_l_sm_t0c0
techset,mc_objective
techset,mc_reflexsight
techset,mc_unlit
techset,mc_unlit_add
techset,mc_unlit_blend
techset,objective
techset,particle_cloud
techset,particle_cloud_outdoor
techset,sm2/2d
techset,sm2/effect
techset,sm2/effect_add_nofog
techset,sm2/effect_nofog
techset,sm2/effect_zfeather
techset,sm2/l_hsm_b0c0
techset,sm2/l_hsm_b0c0n0
techset,sm2/l_hsm_b0c0n0s0
techset,sm2/l_hsm_b0c0s0
techset,sm2/l_hsm_r0c0
techset,sm2/l_hsm_r0c0n0
techset,sm2/l_hsm_r0c0n0s0
techset,sm2/l_hsm_r0c0s0
techset,sm2/l_hsm_t0c0
techset,sm2/l_sm_b0c0
techset,sm2/l_sm_b0c0n0
techset,sm2/l_sm_b0c0n0s0
techset,sm2/l_sm_b0c0s0
techset,sm2/l_sm_r0c0
techset,sm2/l_sm_r0c0n0
techset,sm2/l_sm_r0c0n0s0
techset,sm2/l_sm_r0c0s0
techset,sm2/l_sm_t0c0
techset,sm2/mc_2d
techset,sm2/mc_effect
techset,sm2/mc_effect_add_nofog
techset,sm2/mc_effect_add_spot
techset,sm2/mc_effect_spot
techset,sm2/mc_l_hsm_b0c0
techset,sm2/mc_l_hsm_b0c0n0
techset,sm2/mc_l_hsm_b0c0n0s0
techset,sm2/mc_l_hsm_b0c0s0
techset,sm2/mc_l_hsm_r0c0
techset,sm2/mc_l_hsm_r0c0n0
techset,sm2/mc_l_hsm_r0c0n0s0
techset,sm2/mc_l_hsm_r0c0s0
techset,sm2/mc_l_hsm_scroll_b0c0
techset,sm2/mc_l_hsm_skin_r0c0
techset,sm2/mc_l_hsm_skin_r0c0n0
techset,sm2/mc_l_hsm_skin_r0c0n0s0
techset,sm2/mc_l_hsm_skin_r0c0s0
techset,sm2/mc_l_hsm_t0c0
techset,sm2/mc_l_sm_b0c0
techset,sm2/mc_l_sm_b0c0n0
techset,sm2/mc_l_sm_b0c0n0s0
techset,sm2/mc_l_sm_b0c0s0
techset,sm2/mc_l_sm_r0c0
techset,sm2/mc_l_sm_r0c0n0
techset,sm2/mc_l_sm_r0c0n0s0
techset,sm2/mc_l_sm_r0c0s0
techset,sm2/mc_l_sm_scroll_b0c0
techset,sm2/mc_l_sm_skin_r0c0
techset,sm2/mc_l_sm_skin_r0c0n0
techset,sm2/mc_l_sm_skin_r0c0n0s0
techset,sm2/mc_l_sm_skin_r0c0s0
techset,sm2/mc_l_sm_t0c0
techset,sm2/mc_objective
techset,sm2/mc_reflexsight
techset,sm2/mc_unlit
techset,sm2/mc_unlit_add
techset,sm2/mc_unlit_blend
techset,sm2/objective
techset,sm2/particle_cloud
techset,sm2/particle_cloud_outdoor
techset,sm2/unlit_blend
techset,sm2/wc_l_hsm_b0c0
techset,sm2/wc_l_hsm_b0c0n0
techset,sm2/wc_l_hsm_b0c0n0s0
techset,sm2/wc_l_hsm_b0c0s0
techset,sm2/wc_l_sm_b0c0
techset,sm2/wc_l_sm_b0c0n0
techset,sm2/wc_l_sm_b0c0n0s0
techset,sm2/wc_l_sm_b0c0s0
techset,unlit_blend
techset,wc_l_hsm_b0c0
techset,wc_l_hsm_b0c0n0
techset,wc_l_hsm_b0c0n0s0
techset,wc_l_hsm_b0c0s0
techset,wc_l_sm_b0c0
techset,wc_l_sm_b0c0n0
techset,wc_l_sm_b0c0n0s0
techset,wc_l_sm_b0c0s0
material,weapon_ak47
material,weapon_aks74u
material,weapon_attachment_acog
material,weapon_attachment_gp25
material,weapon_attachment_grip
material,weapon_attachment_m203
material,weapon_attachment_reflex
material,weapon_attachment_suppressor
material,weapon_aw50
material,weapon_barrett50cal
material,weapon_benelli_m4
material,weapon_c4
material,weapon_claymore
material,weapon_colt_45
material,weapon_colt_45_silencer
material,weapon_concgrenade
material,weapon_desert_eagle
material,weapon_desert_eagle_gold
material,weapon_dragunovsvd
material,weapon_flashbang
material,weapon_fraggrenade
material,weapon_g3
material,weapon_g36c
material,weapon_gp25
material,weapon_m14
material,weapon_m14_scoped
material,weapon_m16a4
material,weapon_m203
material,weapon_m249saw
material,weapon_m40a3
material,weapon_m4carbine
material,weapon_m60e4
material,weapon_m9beretta
material,weapon_m9beretta_silencer
material,weapon_mini_uzi
material,weapon_missing_image
material,weapon_mp44
material,weapon_mp5
material,weapon_p90
material,weapon_remington700
material,weapon_rpd
material,weapon_rpg7
material,weapon_skorpion
material,weapon_smokegrenade
material,weapon_usp_45
material,weapon_usp_45_silencer
material,weapon_winchester1200